{"type":"FeatureCollection","features":[{"type":"Feature","properties":{"name":"Beechfield","canopy":0.494,"heat":93.325,"income":108505,"pop":4013,"asthma":9.7,"poverty":0.15,"sites":32,"tes":73,"rankHeat":104,"rankCanopy":4,"bivHeat":1,"bivIncome":0,"canopyGap":0.0,"labelLng":-76.69998,"labelLat":39.27545},"geometry":{"type":"Polygon","coordinates":[[[-76.69368,39.28143],[-76.69869,39.28131],[-76.70275,39.28082],[-76.7053,39.28084],[-76.70585,39.2806],[-76.70709,39.27944],[-76.71116,39.27784],[-76.69179,39.26939],[-76.69375,39.27469],[-76.69409,39.27522],[-76.69514,39.27631],[-76.69576,39.27763],[-76.69571,39.27793],[-76.69472,39.27928],[-76.69456,39.28002],[-76.69368,39.28143]]]}},{"type":"Feature","properties":{"name":"Belair-Parkside","canopy":0.376,"heat":89.604,"income":60507,"pop":449,"asthma":8.9,"poverty":0.182,"sites":36,"tes":87,"rankHeat":224,"rankCanopy":77,"bivHeat":0,"bivIncome":2,"canopyGap":0.024,"labelLng":-76.56871,"labelLat":39.33048},"geometry":{"type":"Polygon","coordinates":[[[-76.56721,39.32916],[-76.56752,39.32993],[-76.56839,39.3307],[-76.56882,39.33139],[-76.57008,39.33274],[-76.57046,39.33293],[-76.57176,39.33313],[-76.57207,39.33331],[-76.57168,39.33273],[-76.57054,39.33195],[-76.56891,39.33012],[-76.56871,39.32945],[-76.56777,39.32815],[-76.56704,39.32854],[-76.56596,39.32773],[-76.56451,39.32891],[-76.56607,39.33006],[-76.56721,39.32916]]]}},{"type":"Feature","properties":{"name":"Curtis Bay Industrial Area","canopy":0.388,"heat":91.925,"income":109733,"pop":20,"asthma":7.2,"poverty":0.193,"sites":323,"tes":53,"rankHeat":150,"rankCanopy":63,"bivHeat":1,"bivIncome":0,"canopyGap":0.012,"labelLng":-76.5833,"labelLat":39.22338},"geometry":{"type":"Polygon","coordinates":[[[-76.58743,39.23107],[-76.58609,39.21621],[-76.58756,39.21562],[-76.58745,39.21422],[-76.5872,39.21438],[-76.58732,39.2144],[-76.58717,39.21442],[-76.58715,39.2146],[-76.58686,39.21492],[-76.58615,39.2151],[-76.58483,39.21518],[-76.5843,39.21575],[-76.58157,39.21581],[-76.58157,39.21591],[-76.5829,39.21585],[-76.5829,39.21589],[-76.58246,39.21592],[-76.58234,39.21613],[-76.5812,39.21662],[-76.58085,39.21656],[-76.5807,39.21627],[-76.58025,39.21606],[-76.57965,39.21619],[-76.57919,39.21582],[-76.57864,39.21568],[-76.57851,39.21583],[-76.57855,39.21613],[-76.5793,39.21743],[-76.57979,39.21887],[-76.57869,39.21894],[-76.57871,39.22066],[-76.57904,39.22076],[-76.57901,39.22102],[-76.57799,39.22102],[-76.57794,39.22118],[-76.57767,39.22125],[-76.57945,39.22131],[-76.57943,39.22165],[-76.57626,39.2214],[-76.57624,39.22155],[-76.57943,39.2218],[-76.57941,39.22237],[-76.58002,39.22253],[-76.57992,39.22303],[-76.57683,39.22299],[-76.57681,39.22328],[-76.57992,39.22335],[-76.58008,39.22348],[-76.57996,39.2241],[-76.5802,39.22521],[-76.58001,39.22535],[-76.5816,39.22665],[-76.58156,39.22705],[-76.58128,39.22726],[-76.58152,39.2273],[-76.58056,39.22744],[-76.58045,39.22788],[-76.58063,39.2283],[-76.5803,39.22836],[-76.58034,39.22867],[-76.58058,39.2286],[-76.58082,39.22878],[-76.58058,39.22885],[-76.58067,39.22902],[-76.58103,39.229],[-76.58129,39.22913],[-76.5813,39.22936],[-76.58119,39.22946],[-76.58075,39.22932],[-76.58106,39.22959],[-76.581,39.22969],[-76.58067,39.22958],[-76.58023,39.22965],[-76.58104,39.23064],[-76.58173,39.23076],[-76.58218,39.231],[-76.5821,39.23157],[-76.58174,39.23166],[-76.58217,39.23197],[-76.58173,39.23179],[-76.58196,39.23206],[-76.58632,39.2325],[-76.58693,39.23236],[-76.5877,39.23194],[-76.58852,39.2318],[-76.58846,39.23165],[-76.58767,39.2313],[-76.58743,39.23107]]]}},{"type":"Feature","properties":{"name":"Eastwood","canopy":0.233,"heat":90.854,"income":71337,"pop":764,"asthma":9.9,"poverty":0.255,"sites":63,"tes":79,"rankHeat":183,"rankCanopy":180,"bivHeat":4,"bivIncome":4,"canopyGap":0.167,"labelLng":-76.53068,"labelLat":39.29032},"geometry":{"type":"Polygon","coordinates":[[[-76.52981,39.29275],[-76.53105,39.29205],[-76.53156,39.29136],[-76.53163,39.29092],[-76.53144,39.28796],[-76.52978,39.28804],[-76.52981,39.29275]]]}},{"type":"Feature","properties":{"name":"Forest Park Golf Course","canopy":0.202,"heat":88.14,"income":55214,"pop":358,"asthma":8.1,"poverty":0.165,"sites":320,"tes":69,"rankHeat":272,"rankCanopy":221,"bivHeat":6,"bivIncome":8,"canopyGap":0.198,"labelLng":-76.69428,"labelLat":39.32346},"geometry":{"type":"Polygon","coordinates":[[[-76.69324,39.32261],[-76.68992,39.32362],[-76.68958,39.32444],[-76.69651,39.32656],[-76.69992,39.32032],[-76.69324,39.32261]]]}},{"type":"Feature","properties":{"name":"Harwood","canopy":0.264,"heat":95.772,"income":86272,"pop":198,"asthma":9.7,"poverty":0.098,"sites":2,"tes":58,"rankHeat":48,"rankCanopy":153,"bivHeat":5,"bivIncome":3,"canopyGap":0.136,"labelLng":-76.61125,"labelLat":39.32057},"geometry":{"type":"Polygon","coordinates":[[[-76.60944,39.32341],[-76.61321,39.32336],[-76.61285,39.318],[-76.60946,39.31812],[-76.60944,39.32341]]]}},{"type":"Feature","properties":{"name":"Hawkins Point","canopy":0.229,"heat":88.13,"income":45530,"pop":24,"asthma":7.0,"poverty":0.058,"sites":292,"tes":84,"rankHeat":273,"rankCanopy":188,"bivHeat":6,"bivIncome":8,"canopyGap":0.171,"labelLng":-76.554,"labelLat":39.2079},"geometry":{"type":"MultiPolygon","coordinates":[[[[-76.54579,39.20988],[-76.54695,39.20998],[-76.54699,39.20987],[-76.54775,39.20938],[-76.54702,39.20999],[-76.54885,39.21043],[-76.54949,39.21079],[-76.55018,39.2115],[-76.55044,39.21215],[-76.54995,39.21307],[-76.5494,39.21343],[-76.54878,39.21327],[-76.54853,39.21328],[-76.54843,39.21342],[-76.54905,39.21383],[-76.54931,39.21627],[-76.54949,39.21682],[-76.55047,39.21743],[-76.55093,39.2175],[-76.55285,39.21693],[-76.55345,39.21706],[-76.55547,39.21671],[-76.55571,39.21617],[-76.5563,39.21539],[-76.55709,39.21511],[-76.5583,39.2151],[-76.55863,39.21603],[-76.55859,39.21549],[-76.55922,39.21516],[-76.55976,39.21529],[-76.56,39.21561],[-76.56,39.21575],[-76.55963,39.21589],[-76.56024,39.21585],[-76.56039,39.21575],[-76.56019,39.21557],[-76.56031,39.21519],[-76.56062,39.21526],[-76.56191,39.21466],[-76.563,39.21442],[-76.56395,39.21492],[-76.56336,39.21519],[-76.56343,39.21522],[-76.56524,39.21487],[-76.56734,39.21486],[-76.56783,39.21508],[-76.56863,39.21598],[-76.56946,39.21657],[-76.57246,39.21827],[-76.57333,39.21855],[-76.57357,39.2183],[-76.5736,39.218],[-76.57227,39.21714],[-76.57209,39.2168],[-76.57208,39.21623],[-76.57266,39.21439],[-76.57312,39.21423],[-76.57271,39.21396],[-76.57279,39.2135],[-76.57417,39.2137],[-76.5742,39.21358],[-76.5728,39.21336],[-76.57285,39.21281],[-76.57229,39.21215],[-76.5722,39.21183],[-76.57153,39.21114],[-76.57145,39.21095],[-76.57153,39.21066],[-76.57231,39.20959],[-76.5738,39.20839],[-76.57441,39.20806],[-76.5756,39.20786],[-76.57595,39.20791],[-76.57577,39.20809],[-76.57665,39.20804],[-76.57837,39.20834],[-76.57924,39.20744],[-76.5793,39.20696],[-76.57888,39.20659],[-76.54973,39.19724],[-76.5328,39.2078],[-76.53304,39.2079],[-76.53302,39.20825],[-76.53225,39.20955],[-76.53235,39.20999],[-76.53288,39.2103],[-76.53521,39.21044],[-76.53497,39.21066],[-76.53318,39.2106],[-76.53285,39.2108],[-76.53284,39.21114],[-76.53388,39.21208],[-76.53352,39.21268],[-76.53365,39.21289],[-76.53389,39.21299],[-76.53426,39.2129],[-76.53529,39.21197],[-76.53703,39.21095],[-76.53832,39.21051],[-76.53936,39.21045],[-76.54014,39.21006],[-76.54088,39.20997],[-76.54137,39.21058],[-76.54176,39.21084],[-76.54162,39.21126],[-76.54164,39.21181],[-76.54113,39.2118],[-76.5411,39.21199],[-76.54134,39.21237],[-76.53945,39.21357],[-76.53965,39.21377],[-76.54157,39.21254],[-76.54229,39.21223],[-76.54579,39.20988]]],[[[-76.58301,39.20792],[-76.58312,39.20838],[-76.58349,39.20854],[-76.58342,39.20925],[-76.58289,39.20997],[-76.58231,39.2099],[-76.58203,39.21019],[-76.58161,39.21082],[-76.58184,39.21111],[-76.58157,39.21158],[-76.58128,39.21199],[-76.58092,39.21193],[-76.58124,39.21205],[-76.58097,39.21255],[-76.58083,39.2132],[-76.58118,39.21417],[-76.58317,39.21439],[-76.58374,39.21424],[-76.58464,39.21376],[-76.58527,39.21364],[-76.586,39.2137],[-76.58754,39.21348],[-76.5878,39.2137],[-76.58819,39.21348],[-76.58842,39.21284],[-76.58861,39.21278],[-76.58368,39.20813],[-76.5824,39.20772],[-76.58166,39.20779],[-76.58301,39.20792]]]]}},{"type":"Feature","properties":{"name":"Highlandtown","canopy":0.326,"heat":89.576,"income":89240,"pop":2915,"asthma":9.5,"poverty":0.228,"sites":189,"tes":64,"rankHeat":227,"rankCanopy":111,"bivHeat":3,"bivIncome":3,"canopyGap":0.074,"labelLng":-76.5678,"labelLat":39.28839},"geometry":{"type":"Polygon","coordinates":[[[-76.57295,39.2864],[-76.56241,39.28687],[-76.56266,39.29044],[-76.57318,39.29004],[-76.57295,39.2864]]]}},{"type":"Feature","properties":{"name":"Hoes Heights","canopy":0.487,"heat":89.032,"income":117078,"pop":930,"asthma":9.5,"poverty":0.118,"sites":369,"tes":62,"rankHeat":243,"rankCanopy":6,"bivHeat":0,"bivIncome":0,"canopyGap":0.0,"labelLng":-76.6372,"labelLat":39.34048},"geometry":{"type":"Polygon","coordinates":[[[-76.63406,39.33739],[-76.63635,39.34352],[-76.63776,39.34302],[-76.63853,39.34288],[-76.63942,39.34295],[-76.64022,39.34321],[-76.63953,39.34115],[-76.63907,39.34021],[-76.63737,39.33764],[-76.63652,39.3379],[-76.63406,39.33739]]]}},{"type":"Feature","properties":{"name":"Bayview","canopy":0.394,"heat":93.748,"income":109421,"pop":2944,"asthma":10.9,"poverty":0.131,"sites":95,"tes":69,"rankHeat":87,"rankCanopy":61,"bivHeat":2,"bivIncome":0,"canopyGap":0.006,"labelLng":-76.54146,"labelLat":39.28905},"geometry":{"type":"Polygon","coordinates":[[[-76.53952,39.29046],[-76.54151,39.29064],[-76.54482,39.2905],[-76.54482,39.28949],[-76.54575,39.28946],[-76.54572,39.28893],[-76.54668,39.28883],[-76.54658,39.28734],[-76.5371,39.28775],[-76.5372,39.29043],[-76.53952,39.29046]]]}},{"type":"Feature","properties":{"name":"Keswick","canopy":0.424,"heat":89.502,"income":66969,"pop":713,"asthma":8.1,"poverty":0.152,"sites":203,"tes":50,"rankHeat":229,"rankCanopy":47,"bivHeat":0,"bivIncome":1,"canopyGap":0.0,"labelLng":-76.63309,"labelLat":39.34319},"geometry":{"type":"Polygon","coordinates":[[[-76.62639,39.34504],[-76.63449,39.34424],[-76.63526,39.34411],[-76.63543,39.34403],[-76.63542,39.3439],[-76.63512,39.34261],[-76.6347,39.34186],[-76.63455,39.34194],[-76.6308,39.34183],[-76.63094,39.34372],[-76.63029,39.34376],[-76.62971,39.3437],[-76.62979,39.34278],[-76.62682,39.34246],[-76.62698,39.34135],[-76.62662,39.34152],[-76.62589,39.34157],[-76.62593,39.34227],[-76.62568,39.34287],[-76.62579,39.34349],[-76.62571,39.34407],[-76.62639,39.34504]]]}},{"type":"Feature","properties":{"name":"Lucille Park","canopy":0.208,"heat":88.022,"income":91152,"pop":431,"asthma":8.5,"poverty":0.168,"sites":313,"tes":73,"rankHeat":279,"rankCanopy":217,"bivHeat":6,"bivIncome":6,"canopyGap":0.192,"labelLng":-76.67375,"labelLat":39.33944},"geometry":{"type":"Polygon","coordinates":[[[-76.67485,39.33767],[-76.67389,39.33662],[-76.6724,39.3372],[-76.67312,39.33829],[-76.66942,39.33974],[-76.6782,39.34224],[-76.68081,39.34167],[-76.6823,39.34213],[-76.683,39.34129],[-76.67719,39.33937],[-76.67623,39.33879],[-76.67485,39.33767]]]}},{"type":"Feature","properties":{"name":"Millhill","canopy":0.261,"heat":92.743,"income":54933,"pop":1404,"asthma":9.7,"poverty":0.235,"sites":369,"tes":85,"rankHeat":128,"rankCanopy":157,"bivHeat":4,"bivIncome":5,"canopyGap":0.139,"labelLng":-76.65714,"labelLat":39.27967},"geometry":{"type":"Polygon","coordinates":[[[-76.65236,39.27774],[-76.65415,39.2809],[-76.6525,39.28146],[-76.65271,39.28483],[-76.65496,39.28402],[-76.65996,39.28075],[-76.66088,39.28031],[-76.66082,39.27965],[-76.66098,39.27852],[-76.66194,39.27707],[-76.66175,39.27639],[-76.66205,39.27621],[-76.66149,39.27623],[-76.66103,39.27588],[-76.66022,39.27486],[-76.65948,39.27452],[-76.65899,39.27452],[-76.6585,39.27475],[-76.65818,39.27538],[-76.65769,39.27583],[-76.65759,39.27584],[-76.65762,39.27575],[-76.6576,39.27567],[-76.65718,39.27602],[-76.65622,39.27616],[-76.6558,39.27608],[-76.65546,39.27593],[-76.65503,39.27533],[-76.65455,39.27616],[-76.65411,39.27664],[-76.65327,39.27726],[-76.65236,39.27774]]]}},{"type":"Feature","properties":{"name":"Moravia-Walther","canopy":0.265,"heat":91.155,"income":97358,"pop":978,"asthma":7.6,"poverty":0.219,"sites":117,"tes":57,"rankHeat":171,"rankCanopy":152,"bivHeat":4,"bivIncome":3,"canopyGap":0.135,"labelLng":-76.56424,"labelLat":39.34007},"geometry":{"type":"Polygon","coordinates":[[[-76.56109,39.34021],[-76.56344,39.34241],[-76.56778,39.34451],[-76.56855,39.34335],[-76.56913,39.34281],[-76.56812,39.34219],[-76.56775,39.34183],[-76.56752,39.34132],[-76.56741,39.33951],[-76.56726,39.33917],[-76.56531,39.33758],[-76.56421,39.33571],[-76.56346,39.33593],[-76.56398,39.33701],[-76.56395,39.33717],[-76.56036,39.33814],[-76.56109,39.34021]]]}},{"type":"Feature","properties":{"name":"Morgan Park","canopy":0.221,"heat":90.095,"income":57464,"pop":245,"asthma":7.6,"poverty":0.115,"sites":134,"tes":93,"rankHeat":207,"rankCanopy":200,"bivHeat":6,"bivIncome":8,"canopyGap":0.179,"labelLng":-76.57894,"labelLat":39.34781},"geometry":{"type":"Polygon","coordinates":[[[-76.57952,39.35043],[-76.57994,39.34997],[-76.58033,39.34974],[-76.58144,39.3494],[-76.58193,39.34887],[-76.58188,39.34854],[-76.5813,39.34827],[-76.58105,39.34777],[-76.5813,39.34691],[-76.5811,39.34648],[-76.58112,39.34596],[-76.58085,39.34528],[-76.579,39.34517],[-76.57693,39.34542],[-76.57701,39.34595],[-76.57667,39.34684],[-76.57629,39.34731],[-76.57706,39.34797],[-76.57711,39.34886],[-76.57952,39.35043]]]}},{"type":"Feature","properties":{"name":"Mount Holly","canopy":0.481,"heat":93.707,"income":90293,"pop":1304,"asthma":9.8,"poverty":0.126,"sites":309,"tes":95,"rankHeat":89,"rankCanopy":10,"bivHeat":2,"bivIncome":0,"canopyGap":0.0,"labelLng":-76.67878,"labelLat":39.31149},"geometry":{"type":"Polygon","coordinates":[[[-76.68476,39.31327],[-76.68551,39.31277],[-76.68195,39.31075],[-76.676,39.31091],[-76.67587,39.30881],[-76.6741,39.30883],[-76.67443,39.31416],[-76.68178,39.31396],[-76.68233,39.31371],[-76.68274,39.31326],[-76.68476,39.31327]]]}},{"type":"Feature","properties":{"name":"Mt Pleasant Park","canopy":0.305,"heat":92.409,"income":102785,"pop":0,"asthma":10.9,"poverty":0.058,"sites":66,"tes":74,"rankHeat":137,"rankCanopy":123,"bivHeat":4,"bivIncome":3,"canopyGap":0.095,"labelLng":-76.57636,"labelLat":39.36488},"geometry":{"type":"Polygon","coordinates":[[[-76.57906,39.372],[-76.57818,39.36797],[-76.58024,39.36742],[-76.57948,39.36654],[-76.5789,39.3656],[-76.57887,39.36527],[-76.57926,39.36489],[-76.57858,39.36407],[-76.57828,39.36332],[-76.57837,39.36232],[-76.57797,39.36188],[-76.57685,39.3612],[-76.57619,39.36043],[-76.57568,39.36024],[-76.57543,39.35956],[-76.57438,39.35874],[-76.57372,39.35854],[-76.57366,39.35797],[-76.57344,39.35777],[-76.57312,39.35967],[-76.57308,39.36138],[-76.57347,39.3649],[-76.57401,39.36694],[-76.57398,39.36768],[-76.5734,39.36871],[-76.57012,39.372],[-76.57906,39.372]]]}},{"type":"Feature","properties":{"name":"O'Donnell Heights","canopy":0.439,"heat":92.353,"income":46038,"pop":972,"asthma":10.4,"poverty":0.153,"sites":115,"tes":93,"rankHeat":139,"rankCanopy":34,"bivHeat":1,"bivIncome":2,"canopyGap":0.0,"labelLng":-76.5385,"labelLat":39.27827},"geometry":{"type":"Polygon","coordinates":[[[-76.53501,39.27649],[-76.53418,39.27652],[-76.53414,39.2772],[-76.53348,39.27744],[-76.53426,39.27909],[-76.53618,39.27898],[-76.5368,39.27881],[-76.5371,39.27938],[-76.5372,39.28031],[-76.53759,39.28105],[-76.53765,39.28167],[-76.54325,39.28145],[-76.54301,39.27628],[-76.53801,39.27646],[-76.53792,39.27481],[-76.53498,39.27527],[-76.53501,39.27649]]]}},{"type":"Feature","properties":{"name":"Oaklee","canopy":0.465,"heat":93.508,"income":102859,"pop":669,"asthma":10.0,"poverty":0.178,"sites":33,"tes":76,"rankHeat":100,"rankCanopy":20,"bivHeat":1,"bivIncome":0,"canopyGap":0.0,"labelLng":-76.68532,"labelLat":39.26856},"geometry":{"type":"Polygon","coordinates":[[[-76.68099,39.27075],[-76.68227,39.27029],[-76.6888,39.2681],[-76.68475,39.26633],[-76.68223,39.26981],[-76.68165,39.27035],[-76.68099,39.27075]]]}},{"type":"Feature","properties":{"name":"Orangeville Industrial Area","canopy":0.355,"heat":89.264,"income":66239,"pop":33,"asthma":7.7,"poverty":0.229,"sites":231,"tes":71,"rankHeat":237,"rankCanopy":90,"bivHeat":0,"bivIncome":1,"canopyGap":0.045,"labelLng":-76.56854,"labelLat":39.30679},"geometry":{"type":"Polygon","coordinates":[[[-76.56769,39.31349],[-76.57035,39.31341],[-76.57096,39.31366],[-76.57223,39.31451],[-76.57272,39.31457],[-76.57313,39.31432],[-76.57296,39.30495],[-76.57265,39.29922],[-76.56328,39.29961],[-76.56329,39.29983],[-76.56359,39.30021],[-76.56459,39.30051],[-76.5651,39.30619],[-76.56137,39.30828],[-76.56559,39.31138],[-76.56657,39.31225],[-76.56769,39.31349]]]}},{"type":"Feature","properties":{"name":"Otterbein","canopy":0.144,"heat":95.096,"income":61820,"pop":1523,"asthma":10.0,"poverty":0.198,"sites":21,"tes":62,"rankHeat":62,"rankCanopy":255,"bivHeat":8,"bivIncome":8,"canopyGap":0.256,"labelLng":-76.61594,"labelLat":39.28161},"geometry":{"type":"Polygon","coordinates":[[[-76.61272,39.28053],[-76.61304,39.28439],[-76.61924,39.28408],[-76.61898,39.2796],[-76.61654,39.27889],[-76.61568,39.27892],[-76.61577,39.28042],[-76.61272,39.28053]]]}},{"type":"Feature","properties":{"name":"Parkside","canopy":0.44,"heat":93.373,"income":40371,"pop":2406,"asthma":10.5,"poverty":0.057,"sites":300,"tes":94,"rankHeat":103,"rankCanopy":33,"bivHeat":1,"bivIncome":2,"canopyGap":0.0,"labelLng":-76.55498,"labelLat":39.32224},"geometry":{"type":"Polygon","coordinates":[[[-76.55204,39.31986],[-76.55398,39.32484],[-76.55544,39.32576],[-76.55618,39.3258],[-76.55769,39.32539],[-76.56085,39.32577],[-76.56221,39.32495],[-76.56116,39.32394],[-76.55988,39.32351],[-76.55917,39.32309],[-76.55756,39.32257],[-76.55668,39.32206],[-76.55568,39.32109],[-76.55474,39.31955],[-76.55384,39.31865],[-76.55204,39.31986]]]}},{"type":"Feature","properties":{"name":"Auchentoroly-Parkwood","canopy":0.271,"heat":93.661,"income":97613,"pop":1597,"asthma":10.9,"poverty":0.1,"sites":289,"tes":56,"rankHeat":92,"rankCanopy":150,"bivHeat":5,"bivIncome":3,"canopyGap":0.129,"labelLng":-76.64793,"labelLat":39.31673},"geometry":{"type":"Polygon","coordinates":[[[-76.65207,39.31806],[-76.64627,39.31315],[-76.64357,39.31575],[-76.6435,39.31594],[-76.64591,39.31705],[-76.64824,39.3191],[-76.65074,39.32022],[-76.65206,39.31878],[-76.65249,39.31857],[-76.65207,39.31806]]]}},{"type":"Feature","properties":{"name":"Penn-Fallsway","canopy":0.142,"heat":96.855,"income":61943,"pop":2197,"asthma":9.8,"poverty":0.183,"sites":35,"tes":83,"rankHeat":18,"rankCanopy":256,"bivHeat":8,"bivIncome":8,"canopyGap":0.258,"labelLng":-76.60832,"labelLat":39.29696},"geometry":{"type":"Polygon","coordinates":[[[-76.60869,39.29255],[-76.60613,39.29471],[-76.6066,39.2947],[-76.60745,39.29546],[-76.60553,39.29685],[-76.60622,39.29746],[-76.60659,39.29895],[-76.6062,39.29897],[-76.60602,39.30013],[-76.60601,39.30044],[-76.60634,39.30139],[-76.61129,39.30121],[-76.61093,39.29633],[-76.61053,39.29421],[-76.61009,39.29348],[-76.6096,39.29307],[-76.60869,39.29255]]]}},{"type":"Feature","properties":{"name":"Pimlico Good Neighbors","canopy":0.354,"heat":92.889,"income":74324,"pop":858,"asthma":7.0,"poverty":0.171,"sites":123,"tes":66,"rankHeat":120,"rankCanopy":91,"bivHeat":1,"bivIncome":1,"canopyGap":0.046,"labelLng":-76.6755,"labelLat":39.353},"geometry":{"type":"Polygon","coordinates":[[[-76.66823,39.35621],[-76.67375,39.35704],[-76.67436,39.35705],[-76.67518,39.35688],[-76.68454,39.35247],[-76.68132,39.35059],[-76.67592,39.349],[-76.66982,39.35231],[-76.66746,39.35278],[-76.66814,39.35504],[-76.66823,39.35621]]]}},{"type":"Feature","properties":{"name":"Pleasant View Gardens","canopy":0.14,"heat":97.136,"income":67590,"pop":744,"asthma":9.6,"poverty":0.162,"sites":15,"tes":75,"rankHeat":13,"rankCanopy":259,"bivHeat":8,"bivIncome":7,"canopyGap":0.26,"labelLng":-76.60178,"labelLat":39.29329},"geometry":{"type":"Polygon","coordinates":[[[-76.59969,39.29253],[-76.59984,39.29493],[-76.60552,39.29474],[-76.60386,39.29334],[-76.60303,39.29161],[-76.59969,39.29253]]]}},{"type":"Feature","properties":{"name":"Purnell","canopy":0.381,"heat":92.309,"income":58851,"pop":596,"asthma":8.1,"poverty":0.222,"sites":273,"tes":68,"rankHeat":141,"rankCanopy":72,"bivHeat":1,"bivIncome":2,"canopyGap":0.019,"labelLng":-76.70957,"labelLat":39.32027},"geometry":{"type":"Polygon","coordinates":[[[-76.71097,39.32034],[-76.71079,39.31965],[-76.71024,39.31936],[-76.7097,39.31943],[-76.70909,39.31994],[-76.70861,39.32014],[-76.70738,39.32049],[-76.7066,39.32056],[-76.70586,39.32048],[-76.70471,39.31997],[-76.70356,39.31873],[-76.70227,39.31933],[-76.7031,39.3203],[-76.70393,39.321],[-76.70534,39.32159],[-76.70628,39.32174],[-76.70731,39.32169],[-76.70959,39.32094],[-76.71043,39.32041],[-76.71097,39.32034]]]}},{"type":"Feature","properties":{"name":"Rosemont","canopy":0.425,"heat":89.606,"income":100391,"pop":2411,"asthma":7.6,"poverty":0.163,"sites":31,"tes":76,"rankHeat":223,"rankCanopy":44,"bivHeat":0,"bivIncome":0,"canopyGap":0.0,"labelLng":-76.67011,"labelLat":39.30426},"geometry":{"type":"Polygon","coordinates":[[[-76.66598,39.30277],[-76.66752,39.30626],[-76.66885,39.3075],[-76.67091,39.30874],[-76.67092,39.30894],[-76.67243,39.30887],[-76.67268,39.30814],[-76.67355,39.30717],[-76.67412,39.3062],[-76.67408,39.30557],[-76.6735,39.30367],[-76.67355,39.30321],[-76.67394,39.30257],[-76.67146,39.3001],[-76.66972,39.29959],[-76.6696,39.30022],[-76.66929,39.30088],[-76.66865,39.30162],[-76.66761,39.30228],[-76.66598,39.30277]]]}},{"type":"Feature","properties":{"name":"Rosemont East","canopy":0.41,"heat":91.165,"income":52802,"pop":1959,"asthma":10.7,"poverty":0.051,"sites":92,"tes":87,"rankHeat":170,"rankCanopy":52,"bivHeat":1,"bivIncome":2,"canopyGap":0.0,"labelLng":-76.53742,"labelLat":39.35569},"geometry":{"type":"Polygon","coordinates":[[[-76.53632,39.35725],[-76.53814,39.35827],[-76.5381,39.3584],[-76.54297,39.36016],[-76.54464,39.35728],[-76.54446,39.35589],[-76.54486,39.3535],[-76.54006,39.35356],[-76.53712,39.35273],[-76.53474,39.35117],[-76.52978,39.35554],[-76.53632,39.35725]]]}},{"type":"Feature","properties":{"name":"Rosemont Homeowners/Tenants","canopy":0.417,"heat":93.376,"income":108895,"pop":1273,"asthma":7.6,"poverty":0.287,"sites":201,"tes":78,"rankHeat":102,"rankCanopy":51,"bivHeat":1,"bivIncome":0,"canopyGap":0.0,"labelLng":-76.65823,"labelLat":39.2944},"geometry":{"type":"Polygon","coordinates":[[[-76.65328,39.29561],[-76.65945,39.29539],[-76.65939,39.29462],[-76.66332,39.29447],[-76.66245,39.29321],[-76.65317,39.29359],[-76.65328,39.29561]]]}},{"type":"Feature","properties":{"name":"Sabina-Mattfeldt","canopy":0.247,"heat":90.275,"income":103410,"pop":187,"asthma":10.7,"poverty":0.13,"sites":77,"tes":72,"rankHeat":203,"rankCanopy":162,"bivHeat":3,"bivIncome":3,"canopyGap":0.153,"labelLng":-76.64905,"labelLat":39.36636},"geometry":{"type":"Polygon","coordinates":[[[-76.64977,39.372],[-76.65283,39.372],[-76.65182,39.36961],[-76.65075,39.36755],[-76.65018,39.36564],[-76.64998,39.36316],[-76.65024,39.36062],[-76.64623,39.36143],[-76.64762,39.36548],[-76.6478,39.36656],[-76.64819,39.3672],[-76.64846,39.36836],[-76.64977,39.372]]]}},{"type":"Feature","properties":{"name":"Saint Agnes","canopy":0.441,"heat":91.577,"income":111802,"pop":574,"asthma":8.3,"poverty":0.097,"sites":116,"tes":73,"rankHeat":160,"rankCanopy":32,"bivHeat":1,"bivIncome":0,"canopyGap":0.0,"labelLng":-76.67353,"labelLat":39.27599},"geometry":{"type":"Polygon","coordinates":[[[-76.67919,39.27136],[-76.67255,39.27343],[-76.67151,39.27402],[-76.67163,39.27929],[-76.67174,39.27975],[-76.67217,39.28051],[-76.67584,39.27554],[-76.67919,39.27136]]]}},{"type":"Feature","properties":{"name":"Saint Helena","canopy":0.464,"heat":88.534,"income":43636,"pop":617,"asthma":7.7,"poverty":0.218,"sites":228,"tes":66,"rankHeat":259,"rankCanopy":23,"bivHeat":0,"bivIncome":2,"canopyGap":0.0,"labelLng":-76.5312,"labelLat":39.26075},"geometry":{"type":"Polygon","coordinates":[[[-76.5298,39.25757],[-76.52979,39.26398],[-76.53136,39.26388],[-76.53123,39.26231],[-76.5328,39.26221],[-76.53256,39.25984],[-76.53321,39.25976],[-76.53142,39.25746],[-76.5298,39.25757]]]}},{"type":"Feature","properties":{"name":"Saint Josephs","canopy":0.229,"heat":93.319,"income":100984,"pop":1594,"asthma":10.5,"poverty":0.078,"sites":217,"tes":81,"rankHeat":105,"rankCanopy":189,"bivHeat":7,"bivIncome":6,"canopyGap":0.171,"labelLng":-76.67587,"labelLat":39.28535},"geometry":{"type":"Polygon","coordinates":[[[-76.67212,39.28227],[-76.6725,39.28977],[-76.6731,39.28974],[-76.67568,39.28773],[-76.67629,39.28811],[-76.67655,39.28797],[-76.68081,39.28413],[-76.67852,39.28375],[-76.67598,39.28304],[-76.67221,39.2811],[-76.67212,39.28227]]]}},{"type":"Feature","properties":{"name":"Stonewood-Pentwood-Winston","canopy":0.224,"heat":93.949,"income":119424,"pop":765,"asthma":9.1,"poverty":0.298,"sites":139,"tes":97,"rankHeat":80,"rankCanopy":196,"bivHeat":8,"bivIncome":6,"canopyGap":0.176,"labelLng":-76.58811,"labelLat":39.34858},"geometry":{"type":"Polygon","coordinates":[[[-76.58455,39.34864],[-76.5872,39.34933],[-76.58798,39.3499],[-76.58918,39.35041],[-76.59007,39.35127],[-76.59067,39.35137],[-76.59158,39.34866],[-76.59201,39.34604],[-76.58619,39.34578],[-76.58552,39.34778],[-76.58455,39.34864]]]}},{"type":"Feature","properties":{"name":"Taylor Heights","canopy":0.383,"heat":88.508,"income":50117,"pop":359,"asthma":8.2,"poverty":0.256,"sites":184,"tes":92,"rankHeat":262,"rankCanopy":69,"bivHeat":0,"bivIncome":2,"canopyGap":0.017,"labelLng":-76.53299,"labelLat":39.3679},"geometry":{"type":"Polygon","coordinates":[[[-76.52968,39.37198],[-76.53529,39.37198],[-76.54036,39.37199],[-76.53592,39.3675],[-76.53454,39.36656],[-76.53358,39.36525],[-76.53285,39.36486],[-76.52968,39.36376],[-76.52968,39.37198]]]}},{"type":"Feature","properties":{"name":"University of Maryland","canopy":0.155,"heat":94.643,"income":66743,"pop":2705,"asthma":10.2,"poverty":0.183,"sites":48,"tes":86,"rankHeat":71,"rankCanopy":249,"bivHeat":8,"bivIncome":7,"canopyGap":0.245,"labelLng":-76.62559,"labelLat":39.29044},"geometry":{"type":"Polygon","coordinates":[[[-76.62262,39.29481],[-76.62767,39.29464],[-76.62773,39.29359],[-76.62744,39.29051],[-76.62807,39.28765],[-76.62792,39.28671],[-76.62754,39.28604],[-76.62351,39.28621],[-76.62358,39.2874],[-76.62217,39.28746],[-76.62234,39.29035],[-76.62372,39.29028],[-76.62376,39.29072],[-76.62386,39.29273],[-76.62249,39.29278],[-76.62262,39.29481]]]}},{"type":"Feature","properties":{"name":"Upton","canopy":0.173,"heat":94.96,"income":65849,"pop":4237,"asthma":10.1,"poverty":0.194,"sites":71,"tes":91,"rankHeat":65,"rankCanopy":239,"bivHeat":8,"bivIncome":7,"canopyGap":0.227,"labelLng":-76.63029,"labelLat":39.30137},"geometry":{"type":"Polygon","coordinates":[[[-76.63086,39.29695],[-76.63043,39.2971],[-76.62861,39.29867],[-76.62768,39.29791],[-76.6256,39.29961],[-76.62403,39.29835],[-76.62336,39.29898],[-76.62483,39.30017],[-76.62407,39.30074],[-76.62702,39.30313],[-76.6278,39.30257],[-76.63266,39.30648],[-76.63452,39.30513],[-76.63743,39.30748],[-76.63847,39.30668],[-76.6388,39.30695],[-76.63238,39.29537],[-76.6308,39.29544],[-76.63086,39.29695]]]}},{"type":"Feature","properties":{"name":"Wakefield","canopy":0.28,"heat":92.203,"income":46196,"pop":1710,"asthma":9.8,"poverty":0.172,"sites":225,"tes":67,"rankHeat":142,"rankCanopy":142,"bivHeat":4,"bivIncome":5,"canopyGap":0.12,"labelLng":-76.69733,"labelLat":39.31354},"geometry":{"type":"Polygon","coordinates":[[[-76.69,39.31239],[-76.69027,39.3129],[-76.69077,39.31318],[-76.69149,39.31385],[-76.69199,39.31408],[-76.69286,39.31441],[-76.69548,39.31471],[-76.69627,39.31498],[-76.69663,39.31525],[-76.6968,39.31559],[-76.69667,39.31669],[-76.69685,39.3172],[-76.69731,39.31744],[-76.69878,39.31746],[-76.69951,39.3172],[-76.69973,39.31701],[-76.70015,39.31559],[-76.70062,39.31515],[-76.70169,39.31502],[-76.70296,39.31536],[-76.70386,39.31508],[-76.70352,39.31446],[-76.70298,39.31408],[-76.70358,39.31352],[-76.7043,39.31408],[-76.70459,39.31482],[-76.70609,39.31356],[-76.70755,39.31028],[-76.70617,39.30988],[-76.70549,39.30981],[-76.70105,39.30959],[-76.69807,39.30965],[-76.69724,39.30995],[-76.69553,39.3109],[-76.69439,39.31108],[-76.69391,39.31128],[-76.69347,39.31169],[-76.69304,39.31265],[-76.69246,39.31304],[-76.69142,39.31308],[-76.69,39.31239]]]}},{"type":"Feature","properties":{"name":"West Hills","canopy":0.409,"heat":88.04,"income":101736,"pop":1988,"asthma":9.1,"poverty":0.158,"sites":295,"tes":64,"rankHeat":278,"rankCanopy":53,"bivHeat":0,"bivIncome":0,"canopyGap":0.0,"labelLng":-76.70643,"labelLat":39.29742},"geometry":{"type":"Polygon","coordinates":[[[-76.7079,39.3033],[-76.709,39.30329],[-76.70955,39.30276],[-76.70993,39.30262],[-76.7112,39.30289],[-76.71118,39.29156],[-76.70778,39.29173],[-76.70402,39.29225],[-76.70292,39.29218],[-76.70202,39.29231],[-76.70207,39.29244],[-76.70181,39.29248],[-76.70194,39.29259],[-76.70501,39.2948],[-76.70351,39.29571],[-76.7022,39.29702],[-76.70109,39.29786],[-76.70103,39.29814],[-76.70143,39.29885],[-76.70124,39.29988],[-76.7009,39.30015],[-76.69982,39.30062],[-76.69934,39.30073],[-76.69824,39.30062],[-76.69693,39.30136],[-76.6958,39.30149],[-76.69474,39.30188],[-76.69566,39.3021],[-76.6965,39.30205],[-76.69765,39.30136],[-76.6985,39.30147],[-76.69874,39.3019],[-76.69933,39.30207],[-76.70015,39.30189],[-76.70063,39.30193],[-76.70125,39.30121],[-76.70287,39.30061],[-76.70296,39.30043],[-76.70279,39.30006],[-76.7031,39.29969],[-76.70405,39.29958],[-76.70485,39.29969],[-76.70565,39.29937],[-76.70622,39.29965],[-76.70648,39.29998],[-76.7067,39.30081],[-76.70653,39.30111],[-76.70551,39.30191],[-76.70544,39.30226],[-76.70571,39.30256],[-76.7063,39.30286],[-76.7079,39.3033]]]}},{"type":"Feature","properties":{"name":"Wilson Park","canopy":0.385,"heat":89.372,"income":114193,"pop":1054,"asthma":10.1,"poverty":0.271,"sites":221,"tes":86,"rankHeat":231,"rankCanopy":67,"bivHeat":0,"bivIncome":0,"canopyGap":0.015,"labelLng":-76.60504,"labelLat":39.34356},"geometry":{"type":"Polygon","coordinates":[[[-76.6082,39.34615],[-76.6096,39.34616],[-76.60951,39.34441],[-76.60958,39.34103],[-76.60778,39.34111],[-76.60698,39.34173],[-76.59983,39.34374],[-76.5997,39.34514],[-76.60405,39.34554],[-76.60565,39.34589],[-76.6082,39.34615]]]}},{"type":"Feature","properties":{"name":"Woodbourne Heights","canopy":0.224,"heat":91.127,"income":96309,"pop":1621,"asthma":9.5,"poverty":0.221,"sites":60,"tes":82,"rankHeat":172,"rankCanopy":197,"bivHeat":7,"bivIncome":6,"canopyGap":0.176,"labelLng":-76.59247,"labelLat":39.35735},"geometry":{"type":"Polygon","coordinates":[[[-76.59057,39.35514],[-76.58956,39.35542],[-76.58965,39.35662],[-76.58954,39.35744],[-76.58848,39.35979],[-76.5917,39.36076],[-76.59422,39.36072],[-76.59464,39.35891],[-76.59555,39.35704],[-76.59627,39.35619],[-76.59599,39.35573],[-76.59575,39.35401],[-76.59249,39.35425],[-76.59057,39.35514]]]}},{"type":"Feature","properties":{"name":"Wyndhurst","canopy":0.368,"heat":88.47,"income":86819,"pop":680,"asthma":8.9,"poverty":0.176,"sites":223,"tes":54,"rankHeat":263,"rankCanopy":86,"bivHeat":0,"bivIncome":0,"canopyGap":0.032,"labelLng":-76.62973,"labelLat":39.35769},"geometry":{"type":"Polygon","coordinates":[[[-76.62988,39.36186],[-76.6348,39.36222],[-76.63522,39.36027],[-76.63523,39.35864],[-76.63484,39.3562],[-76.63403,39.35312],[-76.63388,39.35303],[-76.63218,39.35315],[-76.62365,39.35385],[-76.62424,39.3565],[-76.62464,39.35951],[-76.62896,39.35932],[-76.6289,39.35967],[-76.62866,39.35999],[-76.62714,39.36082],[-76.62707,39.36104],[-76.62735,39.36184],[-76.62744,39.36195],[-76.62988,39.36186]]]}},{"type":"Feature","properties":{"name":"Edgewood","canopy":0.471,"heat":93.033,"income":44002,"pop":1995,"asthma":10.6,"poverty":0.261,"sites":261,"tes":97,"rankHeat":114,"rankCanopy":15,"bivHeat":1,"bivIncome":2,"canopyGap":0.0,"labelLng":-76.67651,"labelLat":39.29668},"geometry":{"type":"Polygon","coordinates":[[[-76.67613,39.29748],[-76.67983,39.29967],[-76.68009,39.29942],[-76.67976,39.29379],[-76.67276,39.29405],[-76.67286,39.29644],[-76.67296,39.29659],[-76.67415,39.29737],[-76.6753,39.29773],[-76.67574,39.29774],[-76.67613,39.29748]]]}},{"type":"Feature","properties":{"name":"Evesham Park","canopy":0.398,"heat":88.735,"income":52790,"pop":710,"asthma":7.3,"poverty":0.155,"sites":315,"tes":58,"rankHeat":248,"rankCanopy":57,"bivHeat":0,"bivIncome":2,"canopyGap":0.002,"labelLng":-76.60464,"labelLat":39.36586},"geometry":{"type":"Polygon","coordinates":[[[-76.59954,39.36692],[-76.6005,39.36712],[-76.60131,39.36713],[-76.60353,39.36688],[-76.60988,39.36695],[-76.60992,39.36514],[-76.60873,39.36507],[-76.6061,39.36463],[-76.6044,39.36469],[-76.59938,39.36585],[-76.59972,39.36661],[-76.59954,39.36692]]]}},{"type":"Feature","properties":{"name":"Belvedere","canopy":0.21,"heat":91.101,"income":64560,"pop":706,"asthma":7.8,"poverty":0.225,"sites":26,"tes":78,"rankHeat":174,"rankCanopy":213,"bivHeat":7,"bivIncome":7,"canopyGap":0.19,"labelLng":-76.60628,"labelLat":39.36137},"geometry":{"type":"Polygon","coordinates":[[[-76.6027,39.35934],[-76.60133,39.36061],[-76.60733,39.36411],[-76.60801,39.36421],[-76.60995,39.36414],[-76.60993,39.35858],[-76.60907,39.359],[-76.60855,39.3594],[-76.60721,39.35981],[-76.60402,39.35995],[-76.60354,39.35983],[-76.6027,39.35934]]]}},{"type":"Feature","properties":{"name":"York-Homeland","canopy":0.306,"heat":92.533,"income":52189,"pop":1088,"asthma":8.8,"poverty":0.147,"sites":237,"tes":90,"rankHeat":134,"rankCanopy":122,"bivHeat":4,"bivIncome":5,"canopyGap":0.094,"labelLng":-76.61109,"labelLat":39.35316},"geometry":{"type":"Polygon","coordinates":[[[-76.61257,39.35244],[-76.61249,39.35172],[-76.60976,39.35194],[-76.60986,39.35436],[-76.61244,39.35412],[-76.61235,39.35283],[-76.61257,39.35244]]]}},{"type":"Feature","properties":{"name":"CARE","canopy":0.108,"heat":98.128,"income":51340,"pop":1338,"asthma":10.2,"poverty":0.215,"sites":27,"tes":59,"rankHeat":4,"rankCanopy":276,"bivHeat":8,"bivIncome":8,"canopyGap":0.292,"labelLng":-76.58771,"labelLat":39.29641},"geometry":{"type":"Polygon","coordinates":[[[-76.59076,39.29639],[-76.59062,39.29407],[-76.58484,39.29431],[-76.58513,39.29872],[-76.58958,39.29856],[-76.58946,39.29644],[-76.59076,39.29639]]]}},{"type":"Feature","properties":{"name":"Concerned Citizens of Forest Park","canopy":0.496,"heat":88.954,"income":75202,"pop":1141,"asthma":9.4,"poverty":0.156,"sites":70,"tes":82,"rankHeat":246,"rankCanopy":3,"bivHeat":0,"bivIncome":1,"canopyGap":0.0,"labelLng":-76.68361,"labelLat":39.32313},"geometry":{"type":"Polygon","coordinates":[[[-76.68256,39.32583],[-76.68711,39.32446],[-76.68477,39.32032],[-76.67998,39.32228],[-76.68109,39.32335],[-76.68256,39.32583]]]}},{"type":"Feature","properties":{"name":"Carroll - Camden Industrial Area","canopy":0.172,"heat":96.623,"income":67586,"pop":9025,"asthma":9.9,"poverty":0.18,"sites":141,"tes":84,"rankHeat":21,"rankCanopy":240,"bivHeat":8,"bivIncome":7,"canopyGap":0.228,"labelLng":-76.63716,"labelLat":39.27303},"geometry":{"type":"Polygon","coordinates":[[[-76.62391,39.27981],[-76.62654,39.28056],[-76.62802,39.27749],[-76.6287,39.27777],[-76.63182,39.28007],[-76.63455,39.27792],[-76.63284,39.2766],[-76.63419,39.27554],[-76.63808,39.27852],[-76.6478,39.27087],[-76.64588,39.27015],[-76.64519,39.26976],[-76.64529,39.26947],[-76.64505,39.26978],[-76.64348,39.26989],[-76.64034,39.26989],[-76.63974,39.26975],[-76.63928,39.26936],[-76.63933,39.26946],[-76.63917,39.26944],[-76.63829,39.26833],[-76.63783,39.26819],[-76.63721,39.26775],[-76.63652,39.26594],[-76.63575,39.26555],[-76.63454,39.2657],[-76.63242,39.26669],[-76.63204,39.26698],[-76.63186,39.26727],[-76.63185,39.26821],[-76.63153,39.26923],[-76.63166,39.26937],[-76.6315,39.26947],[-76.63034,39.26952],[-76.62693,39.2689],[-76.62668,39.26898],[-76.62663,39.26931],[-76.62742,39.27006],[-76.62957,39.27164],[-76.6299,39.27202],[-76.62987,39.27222],[-76.6301,39.2724],[-76.62664,39.27514],[-76.62575,39.27601],[-76.62391,39.27981]]]}},{"type":"Feature","properties":{"name":"Harbor Point","canopy":0.276,"heat":93.909,"income":83140,"pop":575,"asthma":9.3,"poverty":0.169,"sites":14,"tes":94,"rankHeat":81,"rankCanopy":144,"bivHeat":5,"bivIncome":4,"canopyGap":0.124,"labelLng":-76.59833,"labelLat":39.28019},"geometry":{"type":"Polygon","coordinates":[[[-76.59654,39.27921],[-76.59641,39.27967],[-76.59593,39.28011],[-76.59651,39.28154],[-76.60029,39.2815],[-76.60075,39.27996],[-76.60064,39.27948],[-76.60001,39.27905],[-76.59961,39.27887],[-76.59908,39.27908],[-76.59815,39.27894],[-76.59795,39.27904],[-76.59678,39.27896],[-76.59665,39.27922],[-76.59654,39.27921]]]}},{"type":"Feature","properties":{"name":"Key Highway","canopy":0.209,"heat":94.292,"income":74407,"pop":659,"asthma":9.6,"poverty":0.17,"sites":4,"tes":56,"rankHeat":75,"rankCanopy":214,"bivHeat":8,"bivIncome":7,"canopyGap":0.191,"labelLng":-76.60452,"labelLat":39.27779},"geometry":{"type":"Polygon","coordinates":[[[-76.60654,39.28154],[-76.60709,39.28154],[-76.60705,39.28084],[-76.60659,39.28062],[-76.60642,39.28026],[-76.60611,39.27591],[-76.60325,39.27402],[-76.60273,39.275],[-76.60338,39.27493],[-76.60348,39.27551],[-76.60436,39.27543],[-76.60433,39.27594],[-76.60123,39.2763],[-76.60122,39.27639],[-76.60437,39.27614],[-76.60435,39.27648],[-76.60444,39.2765],[-76.60432,39.27662],[-76.60455,39.2766],[-76.60466,39.27723],[-76.60379,39.2773],[-76.60388,39.27773],[-76.60343,39.27781],[-76.60331,39.27798],[-76.60568,39.27783],[-76.60566,39.27815],[-76.60534,39.27818],[-76.60539,39.27847],[-76.60392,39.27861],[-76.60394,39.27873],[-76.60585,39.27854],[-76.6059,39.27906],[-76.60429,39.27926],[-76.60431,39.27936],[-76.60592,39.2792],[-76.60592,39.27965],[-76.60519,39.27989],[-76.60515,39.28037],[-76.60568,39.28101],[-76.60654,39.28154]]]}},{"type":"Feature","properties":{"name":"Harbor East","canopy":0.228,"heat":94.88,"income":78688,"pop":1108,"asthma":10.0,"poverty":0.165,"sites":14,"tes":72,"rankHeat":69,"rankCanopy":190,"bivHeat":8,"bivIncome":7,"canopyGap":0.172,"labelLng":-76.60086,"labelLat":39.28369},"geometry":{"type":"Polygon","coordinates":[[[-76.59918,39.28495],[-76.60034,39.28489],[-76.60037,39.28527],[-76.60404,39.28511],[-76.60328,39.28293],[-76.60289,39.28244],[-76.60298,39.28226],[-76.60287,39.28208],[-76.5981,39.28235],[-76.59832,39.28537],[-76.59918,39.28533],[-76.59918,39.28495]]]}},{"type":"Feature","properties":{"name":"Fallstaff","canopy":0.321,"heat":92.505,"income":107382,"pop":4896,"asthma":8.8,"poverty":0.079,"sites":352,"tes":88,"rankHeat":135,"rankCanopy":114,"bivHeat":4,"bivIncome":3,"canopyGap":0.079,"labelLng":-76.7065,"labelLat":39.36393},"geometry":{"type":"Polygon","coordinates":[[[-76.7113,39.37192],[-76.71128,39.3561],[-76.70698,39.35961],[-76.70516,39.3582],[-76.69979,39.36235],[-76.70685,39.3681],[-76.7113,39.37192]]]}},{"type":"Feature","properties":{"name":"South Baltimore","canopy":0.127,"heat":95.933,"income":56420,"pop":2143,"asthma":10.0,"poverty":0.217,"sites":37,"tes":89,"rankHeat":45,"rankCanopy":268,"bivHeat":8,"bivIncome":8,"canopyGap":0.273,"labelLng":-76.61412,"labelLat":39.27081},"geometry":{"type":"Polygon","coordinates":[[[-76.61304,39.26668],[-76.61195,39.26673],[-76.61192,39.26848],[-76.6115,39.27102],[-76.61205,39.27482],[-76.61751,39.27461],[-76.61744,39.27349],[-76.61712,39.27319],[-76.61684,39.27252],[-76.6164,39.26693],[-76.61304,39.26668]]]}},{"type":"Feature","properties":{"name":"Abell","canopy":0.283,"heat":89.029,"income":51310,"pop":975,"asthma":7.4,"poverty":0.123,"sites":257,"tes":64,"rankHeat":244,"rankCanopy":139,"bivHeat":3,"bivIncome":5,"canopyGap":0.117,"labelLng":-76.61139,"labelLat":39.32586},"geometry":{"type":"Polygon","coordinates":[[[-76.60944,39.32849],[-76.61354,39.32832],[-76.61321,39.32336],[-76.60944,39.32341],[-76.60944,39.32849]]]}},{"type":"Feature","properties":{"name":"Allendale","canopy":0.451,"heat":90.005,"income":96414,"pop":3354,"asthma":7.8,"poverty":0.079,"sites":292,"tes":62,"rankHeat":208,"rankCanopy":29,"bivHeat":0,"bivIncome":0,"canopyGap":0.0,"labelLng":-76.68147,"labelLat":39.28905},"geometry":{"type":"Polygon","coordinates":[[[-76.6725,39.28977],[-76.67276,39.29405],[-76.68941,39.29344],[-76.68889,39.28817],[-76.68607,39.28693],[-76.68197,39.28442],[-76.68081,39.28413],[-76.67655,39.28797],[-76.67629,39.28811],[-76.67568,39.28773],[-76.6731,39.28974],[-76.6725,39.28977]]]}},{"type":"Feature","properties":{"name":"Arcadia","canopy":0.388,"heat":91.985,"income":89622,"pop":1077,"asthma":8.7,"poverty":0.19,"sites":151,"tes":54,"rankHeat":149,"rankCanopy":64,"bivHeat":1,"bivIncome":0,"canopyGap":0.012,"labelLng":-76.56779,"labelLat":39.334},"geometry":{"type":"Polygon","coordinates":[[[-76.57144,39.33808],[-76.57324,39.33903],[-76.57422,39.33788],[-76.57476,39.33702],[-76.57258,39.33525],[-76.5724,39.33487],[-76.57232,39.33379],[-76.57207,39.33331],[-76.57176,39.33313],[-76.57046,39.33293],[-76.57008,39.33274],[-76.56882,39.33139],[-76.56839,39.3307],[-76.56752,39.32993],[-76.5672,39.32913],[-76.56607,39.33006],[-76.56451,39.32891],[-76.56159,39.3311],[-76.5651,39.33726],[-76.56749,39.33579],[-76.56852,39.33594],[-76.57123,39.33807],[-76.57144,39.33808]]]}},{"type":"Feature","properties":{"name":"Arlington","canopy":0.225,"heat":90.961,"income":104154,"pop":2163,"asthma":10.5,"poverty":0.233,"sites":377,"tes":61,"rankHeat":180,"rankCanopy":194,"bivHeat":7,"bivIncome":6,"canopyGap":0.175,"labelLng":-76.6818,"labelLat":39.34822},"geometry":{"type":"Polygon","coordinates":[[[-76.68626,39.3479],[-76.68453,39.34625],[-76.68485,39.34604],[-76.68478,39.34596],[-76.68382,39.34508],[-76.6823,39.34419],[-76.68051,39.346],[-76.67585,39.34897],[-76.67709,39.34942],[-76.68132,39.35059],[-76.68454,39.35247],[-76.68861,39.35049],[-76.68626,39.3479]]]}},{"type":"Feature","properties":{"name":"Armistead Gardens","canopy":0.428,"heat":89.305,"income":41197,"pop":3779,"asthma":7.6,"poverty":0.292,"sites":46,"tes":57,"rankHeat":235,"rankCanopy":42,"bivHeat":0,"bivIncome":2,"canopyGap":0.0,"labelLng":-76.55283,"labelLat":39.30832},"geometry":{"type":"Polygon","coordinates":[[[-76.54969,39.31423],[-76.54917,39.3157],[-76.55523,39.31169],[-76.55832,39.31062],[-76.56086,39.30902],[-76.56153,39.3084],[-76.55934,39.30681],[-76.55051,39.30095],[-76.54611,39.30236],[-76.54397,39.30525],[-76.54288,39.30712],[-76.54374,39.30748],[-76.54389,39.30792],[-76.54434,39.30847],[-76.54576,39.309],[-76.54704,39.30971],[-76.54786,39.31115],[-76.54816,39.31125],[-76.54873,39.31119],[-76.54903,39.31137],[-76.54979,39.31129],[-76.5509,39.3114],[-76.55088,39.31176],[-76.55049,39.31253],[-76.54944,39.31353],[-76.54957,39.31379],[-76.54955,39.31354],[-76.54973,39.31369],[-76.54961,39.31372],[-76.54969,39.31423]]]}},{"type":"Feature","properties":{"name":"Ashburton","canopy":0.293,"heat":93.298,"income":97088,"pop":2243,"asthma":8.0,"poverty":0.294,"sites":291,"tes":79,"rankHeat":106,"rankCanopy":134,"bivHeat":4,"bivIncome":3,"canopyGap":0.107,"labelLng":-76.67345,"labelLat":39.32957},"geometry":{"type":"Polygon","coordinates":[[[-76.6643,39.32752],[-76.66916,39.32891],[-76.67358,39.33397],[-76.67171,39.33461],[-76.67139,39.33492],[-76.67279,39.33556],[-76.67389,39.33662],[-76.67653,39.33559],[-76.67567,39.33425],[-76.67549,39.33302],[-76.6788,39.32636],[-76.66468,39.32219],[-76.66414,39.32645],[-76.6643,39.32752]]]}},{"type":"Feature","properties":{"name":"Baltimore Highlands","canopy":0.365,"heat":91.519,"income":98628,"pop":3143,"asthma":8.1,"poverty":0.056,"sites":142,"tes":74,"rankHeat":162,"rankCanopy":88,"bivHeat":1,"bivIncome":0,"canopyGap":0.035,"labelLng":-76.56619,"labelLat":39.29384},"geometry":{"type":"Polygon","coordinates":[[[-76.56965,39.29602],[-76.56926,39.29019],[-76.56266,39.29044],[-76.56308,39.29706],[-76.56965,39.29602]]]}},{"type":"Feature","properties":{"name":"Patterson Park Neighborhood","canopy":0.12,"heat":97.855,"income":53159,"pop":1157,"asthma":10.2,"poverty":0.223,"sites":30,"tes":91,"rankHeat":6,"rankCanopy":270,"bivHeat":8,"bivIncome":8,"canopyGap":0.28,"labelLng":-76.57565,"labelLat":39.29238},"geometry":{"type":"Polygon","coordinates":[[[-76.56957,39.29488],[-76.58202,39.29443],[-76.58188,39.292],[-76.57618,39.29222],[-76.57604,39.28994],[-76.56926,39.29019],[-76.56957,39.29488]]]}},{"type":"Feature","properties":{"name":"Barclay","canopy":0.245,"heat":96.088,"income":80257,"pop":1847,"asthma":9.6,"poverty":0.147,"sites":29,"tes":96,"rankHeat":40,"rankCanopy":166,"bivHeat":5,"bivIncome":4,"canopyGap":0.155,"labelLng":-76.61233,"labelLat":39.31461},"geometry":{"type":"Polygon","coordinates":[[[-76.60946,39.31141],[-76.60946,39.31812],[-76.61539,39.3179],[-76.61495,39.31123],[-76.60946,39.31141]]]}},{"type":"Feature","properties":{"name":"Barre Circle","canopy":0.135,"heat":94.534,"income":62271,"pop":547,"asthma":10.5,"poverty":0.204,"sites":4,"tes":81,"rankHeat":72,"rankCanopy":262,"bivHeat":8,"bivIncome":8,"canopyGap":0.265,"labelLng":-76.62799,"labelLat":39.2851},"geometry":{"type":"Polygon","coordinates":[[[-76.62612,39.28347],[-76.62805,39.28715],[-76.62906,39.28699],[-76.62888,39.28379],[-76.62756,39.28382],[-76.6275,39.28308],[-76.62612,39.28347]]]}},{"type":"Feature","properties":{"name":"Bellona-Gittings","canopy":0.379,"heat":91.817,"income":46267,"pop":653,"asthma":8.5,"poverty":0.214,"sites":267,"tes":76,"rankHeat":154,"rankCanopy":74,"bivHeat":1,"bivIncome":2,"canopyGap":0.021,"labelLng":-76.62197,"labelLat":39.36896},"geometry":{"type":"Polygon","coordinates":[[[-76.62544,39.36604],[-76.61735,39.36667],[-76.61799,39.36783],[-76.61834,39.37201],[-76.62618,39.37201],[-76.62544,39.36604]]]}},{"type":"Feature","properties":{"name":"Berea","canopy":0.252,"heat":95.741,"income":82816,"pop":825,"asthma":9.6,"poverty":0.135,"sites":8,"tes":89,"rankHeat":50,"rankCanopy":159,"bivHeat":5,"bivIncome":4,"canopyGap":0.148,"labelLng":-76.57799,"labelLat":39.30952},"geometry":{"type":"Polygon","coordinates":[[[-76.57313,39.31432],[-76.58214,39.31424],[-76.58404,39.3126],[-76.5831,39.31266],[-76.58267,39.30475],[-76.57296,39.30513],[-76.57313,39.31432]]]}},{"type":"Feature","properties":{"name":"Better Waverly","canopy":0.236,"heat":91.821,"income":107143,"pop":2622,"asthma":9.7,"poverty":0.069,"sites":71,"tes":93,"rankHeat":153,"rankCanopy":176,"bivHeat":4,"bivIncome":3,"canopyGap":0.164,"labelLng":-76.60567,"labelLat":39.32323},"geometry":{"type":"Polygon","coordinates":[[[-76.59789,39.32831],[-76.60943,39.32831],[-76.60946,39.31812],[-76.60702,39.31821],[-76.59949,39.3257],[-76.59808,39.32763],[-76.59789,39.32831]]]}},{"type":"Feature","properties":{"name":"Beverly Hills","canopy":0.245,"heat":91.712,"income":78902,"pop":637,"asthma":7.9,"poverty":0.16,"sites":271,"tes":71,"rankHeat":159,"rankCanopy":167,"bivHeat":4,"bivIncome":4,"canopyGap":0.155,"labelLng":-76.57015,"labelLat":39.33933},"geometry":{"type":"Polygon","coordinates":[[[-76.5674,39.33579],[-76.5651,39.33726],[-76.5654,39.33767],[-76.56726,39.33917],[-76.56741,39.33951],[-76.5675,39.34116],[-76.56765,39.34167],[-76.56812,39.34219],[-76.56913,39.34281],[-76.57074,39.34177],[-76.57324,39.33903],[-76.57132,39.33801],[-76.57123,39.33807],[-76.56852,39.33594],[-76.5674,39.33579]]]}},{"type":"Feature","properties":{"name":"Biddle Street","canopy":0.202,"heat":96.559,"income":66009,"pop":908,"asthma":10.3,"poverty":0.196,"sites":12,"tes":79,"rankHeat":24,"rankCanopy":222,"bivHeat":8,"bivIncome":7,"canopyGap":0.198,"labelLng":-76.57914,"labelLat":39.30365},"geometry":{"type":"Polygon","coordinates":[[[-76.58549,39.30465],[-76.58535,39.3023],[-76.57282,39.30273],[-76.57296,39.30513],[-76.58549,39.30465]]]}},{"type":"Feature","properties":{"name":"Blythewood","canopy":0.424,"heat":88.581,"income":56100,"pop":38,"asthma":9.6,"poverty":0.081,"sites":340,"tes":83,"rankHeat":257,"rankCanopy":48,"bivHeat":0,"bivIncome":2,"canopyGap":0.0,"labelLng":-76.62521,"labelLat":39.35088},"geometry":{"type":"Polygon","coordinates":[[[-76.6252,39.348],[-76.62484,39.34816],[-76.62358,39.3494],[-76.62285,39.34958],[-76.62365,39.35385],[-76.62766,39.35352],[-76.62734,39.35194],[-76.62734,39.35084],[-76.6266,39.34876],[-76.62595,39.3481],[-76.6252,39.348]]]}},{"type":"Feature","properties":{"name":"Bolton Hill","canopy":0.12,"heat":97.051,"income":60289,"pop":3536,"asthma":9.9,"poverty":0.189,"sites":61,"tes":67,"rankHeat":15,"rankCanopy":271,"bivHeat":8,"bivIncome":8,"canopyGap":0.28,"labelLng":-76.62534,"labelLat":39.30705},"geometry":{"type":"Polygon","coordinates":[[[-76.62311,39.31097],[-76.62534,39.31085],[-76.63404,39.31047],[-76.63264,39.3095],[-76.6253,39.30346],[-76.62509,39.30317],[-76.62441,39.3037],[-76.62368,39.30398],[-76.62247,39.30423],[-76.62076,39.30434],[-76.62099,39.30733],[-76.62015,39.30924],[-76.62311,39.31097]]]}},{"type":"Feature","properties":{"name":"Boyd-Booth","canopy":0.23,"heat":95.56,"income":87046,"pop":43,"asthma":10.5,"poverty":0.106,"sites":1,"tes":99,"rankHeat":55,"rankCanopy":186,"bivHeat":8,"bivIncome":6,"canopyGap":0.17,"labelLng":-76.64959,"labelLat":39.28693},"geometry":{"type":"Polygon","coordinates":[[[-76.64685,39.2868],[-76.64694,39.28816],[-76.65378,39.28785],[-76.65028,39.28566],[-76.64685,39.2868]]]}},{"type":"Feature","properties":{"name":"Bridgeview/Greenlawn","canopy":0.283,"heat":93.639,"income":93090,"pop":394,"asthma":10.4,"poverty":0.139,"sites":8,"tes":74,"rankHeat":93,"rankCanopy":140,"bivHeat":5,"bivIncome":3,"canopyGap":0.117,"labelLng":-76.65514,"labelLat":39.30142},"geometry":{"type":"Polygon","coordinates":[[[-76.64772,39.30231],[-76.64789,39.30523],[-76.64974,39.30516],[-76.64968,39.30408],[-76.64982,39.3038],[-76.65017,39.30348],[-76.65069,39.30337],[-76.65073,39.30322],[-76.65376,39.3039],[-76.65685,39.30486],[-76.65817,39.30493],[-76.6595,39.30473],[-76.66072,39.30429],[-76.66067,39.30269],[-76.66087,39.30175],[-76.6608,39.30022],[-76.66058,39.29974],[-76.65981,39.29894],[-76.65959,39.29831],[-76.65805,39.29837],[-76.65802,39.2976],[-76.6534,39.29776],[-76.65345,39.29853],[-76.64925,39.29867],[-76.64938,39.30134],[-76.64948,39.3016],[-76.64772,39.30231]]]}},{"type":"Feature","properties":{"name":"Broadway East","canopy":0.212,"heat":96.423,"income":70802,"pop":5615,"asthma":9.9,"poverty":0.168,"sites":85,"tes":98,"rankHeat":29,"rankCanopy":210,"bivHeat":8,"bivIncome":7,"canopyGap":0.188,"labelLng":-76.58883,"labelLat":39.30849},"geometry":{"type":"Polygon","coordinates":[[[-76.58267,39.30475],[-76.5831,39.31266],[-76.595,39.31214],[-76.59452,39.30429],[-76.58267,39.30475]]]}},{"type":"Feature","properties":{"name":"Broening Manor","canopy":0.254,"heat":93.612,"income":86111,"pop":1971,"asthma":11.0,"poverty":0.199,"sites":269,"tes":97,"rankHeat":95,"rankCanopy":158,"bivHeat":4,"bivIncome":3,"canopyGap":0.146,"labelLng":-76.53787,"labelLat":39.27476},"geometry":{"type":"Polygon","coordinates":[[[-76.53348,39.27744],[-76.53414,39.2772],[-76.53418,39.27652],[-76.53507,39.27649],[-76.53498,39.27527],[-76.53728,39.27484],[-76.53792,39.27481],[-76.53801,39.27646],[-76.54363,39.27626],[-76.54331,39.2721],[-76.53116,39.27253],[-76.53348,39.27744]]]}},{"type":"Feature","properties":{"name":"Brooklyn","canopy":0.305,"heat":91.797,"income":42564,"pop":9549,"asthma":9.3,"poverty":0.144,"sites":230,"tes":75,"rankHeat":155,"rankCanopy":124,"bivHeat":4,"bivIncome":5,"canopyGap":0.095,"labelLng":-76.60181,"labelLat":39.23119},"geometry":{"type":"Polygon","coordinates":[[[-76.61186,39.23452],[-76.61086,39.2337],[-76.59773,39.22135],[-76.59474,39.22258],[-76.59341,39.22269],[-76.5937,39.22497],[-76.59369,39.22704],[-76.59383,39.22786],[-76.59432,39.22903],[-76.59556,39.23072],[-76.5941,39.23377],[-76.60077,39.23584],[-76.59871,39.24004],[-76.60123,39.24061],[-76.60881,39.24002],[-76.60865,39.24033],[-76.61039,39.24013],[-76.61014,39.24061],[-76.6141,39.2409],[-76.61465,39.24008],[-76.61537,39.2395],[-76.61544,39.23919],[-76.61577,39.23878],[-76.6169,39.23805],[-76.61783,39.23712],[-76.61186,39.23452]]]}},{"type":"Feature","properties":{"name":"Parkway","canopy":0.357,"heat":93.899,"income":111241,"pop":638,"asthma":10.7,"poverty":0.092,"sites":333,"tes":94,"rankHeat":82,"rankCanopy":89,"bivHeat":2,"bivIncome":0,"canopyGap":0.043,"labelLng":-76.66017,"labelLat":39.3187},"geometry":{"type":"Polygon","coordinates":[[[-76.65579,39.31941],[-76.66468,39.32219],[-76.66462,39.32125],[-76.66422,39.3203],[-76.6605,39.31643],[-76.65977,39.3152],[-76.65891,39.3155],[-76.65943,39.3168],[-76.659,39.31749],[-76.65767,39.31869],[-76.65579,39.31941]]]}},{"type":"Feature","properties":{"name":"Butchers Hill","canopy":0.081,"heat":98.876,"income":51055,"pop":1340,"asthma":9.7,"poverty":0.208,"sites":21,"tes":71,"rankHeat":1,"rankCanopy":278,"bivHeat":8,"bivIncome":8,"canopyGap":0.319,"labelLng":-76.58694,"labelLat":39.29185},"geometry":{"type":"Polygon","coordinates":[[[-76.58903,39.28942],[-76.58456,39.28959],[-76.58484,39.29431],[-76.58931,39.29412],[-76.58903,39.28942]]]}},{"type":"Feature","properties":{"name":"Callaway-Garrison","canopy":0.456,"heat":91.052,"income":93338,"pop":1582,"asthma":8.0,"poverty":0.099,"sites":202,"tes":57,"rankHeat":178,"rankCanopy":26,"bivHeat":1,"bivIncome":0,"canopyGap":0.0,"labelLng":-76.67955,"labelLat":39.33084},"geometry":{"type":"Polygon","coordinates":[[[-76.68251,39.32739],[-76.6788,39.32636],[-76.67665,39.33067],[-76.67549,39.33302],[-76.67567,39.33425],[-76.67653,39.33559],[-76.67735,39.33538],[-76.68425,39.33504],[-76.68296,39.3332],[-76.68275,39.33274],[-76.68236,39.32909],[-76.68251,39.32739]]]}},{"type":"Feature","properties":{"name":"Cameron Village","canopy":0.387,"heat":88.196,"income":55996,"pop":1310,"asthma":8.1,"poverty":0.092,"sites":231,"tes":56,"rankHeat":270,"rankCanopy":65,"bivHeat":0,"bivIncome":2,"canopyGap":0.013,"labelLng":-76.59947,"labelLat":39.35734},"geometry":{"type":"Polygon","coordinates":[[[-76.59754,39.3575],[-76.59898,39.35841],[-76.59923,39.35873],[-76.59918,39.35922],[-76.59866,39.35986],[-76.60027,39.36005],[-76.60133,39.36061],[-76.6027,39.35934],[-76.60176,39.35852],[-76.60158,39.35803],[-76.60155,39.35723],[-76.60187,39.35663],[-76.60287,39.35578],[-76.60317,39.35478],[-76.5974,39.35403],[-76.59575,39.35401],[-76.59605,39.35592],[-76.59754,39.3575]]]}},{"type":"Feature","properties":{"name":"Canton","canopy":0.145,"heat":97.564,"income":60219,"pop":4553,"asthma":9.9,"poverty":0.201,"sites":65,"tes":88,"rankHeat":9,"rankCanopy":253,"bivHeat":8,"bivIncome":8,"canopyGap":0.255,"labelLng":-76.57497,"labelLat":39.28146},"geometry":{"type":"Polygon","coordinates":[[[-76.56655,39.2771],[-76.56715,39.28662],[-76.58706,39.28586],[-76.58693,39.28379],[-76.58669,39.28381],[-76.58687,39.28322],[-76.5862,39.28315],[-76.58576,39.28328],[-76.58568,39.28323],[-76.58579,39.28309],[-76.58546,39.28288],[-76.58589,39.28245],[-76.58572,39.28235],[-76.58529,39.28278],[-76.58374,39.28184],[-76.58419,39.28122],[-76.58406,39.28115],[-76.58355,39.28166],[-76.58339,39.28163],[-76.5828,39.28127],[-76.58253,39.28083],[-76.58199,39.2807],[-76.5806,39.27985],[-76.58015,39.28031],[-76.57991,39.28016],[-76.58012,39.27983],[-76.57958,39.27964],[-76.57966,39.27916],[-76.57984,39.27899],[-76.58036,39.27905],[-76.58032,39.27861],[-76.58006,39.27845],[-76.58034,39.2778],[-76.58,39.2778],[-76.5798,39.27753],[-76.57915,39.27769],[-76.57889,39.27753],[-76.57926,39.27716],[-76.57898,39.27699],[-76.57839,39.27755],[-76.57793,39.27732],[-76.57684,39.2771],[-76.5769,39.27688],[-76.57592,39.27667],[-76.57561,39.27721],[-76.5729,39.27668],[-76.57272,39.27679],[-76.57121,39.27654],[-76.57097,39.27632],[-76.57088,39.27643],[-76.57091,39.27719],[-76.56935,39.277],[-76.56655,39.2771]]]}},{"type":"Feature","properties":{"name":"Carroll Park","canopy":0.197,"heat":96.353,"income":69862,"pop":1290,"asthma":9.9,"poverty":0.179,"sites":25,"tes":71,"rankHeat":33,"rankCanopy":228,"bivHeat":8,"bivIncome":7,"canopyGap":0.203,"labelLng":-76.64752,"labelLat":39.27643},"geometry":{"type":"Polygon","coordinates":[[[-76.64747,39.27116],[-76.63675,39.27959],[-76.63965,39.2817],[-76.64522,39.27942],[-76.64911,39.27838],[-76.64916,39.27825],[-76.65026,39.27833],[-76.65207,39.27787],[-76.65327,39.27726],[-76.65411,39.27664],[-76.65455,39.27616],[-76.65503,39.27533],[-76.65434,39.27491],[-76.65408,39.2746],[-76.65394,39.27393],[-76.65361,39.27326],[-76.65399,39.27312],[-76.65356,39.2732],[-76.65249,39.27238],[-76.65258,39.27223],[-76.65264,39.272],[-76.65244,39.27234],[-76.65108,39.27196],[-76.64984,39.27189],[-76.64838,39.27124],[-76.64747,39.27116]]]}},{"type":"Feature","properties":{"name":"Carroll-South Hilton","canopy":0.276,"heat":89.828,"income":103500,"pop":1241,"asthma":7.9,"poverty":0.24,"sites":232,"tes":53,"rankHeat":214,"rankCanopy":145,"bivHeat":3,"bivIncome":3,"canopyGap":0.124,"labelLng":-76.66637,"labelLat":39.28693},"geometry":{"type":"Polygon","coordinates":[[[-76.66428,39.28719],[-76.66533,39.28817],[-76.66663,39.29064],[-76.66746,39.29189],[-76.66786,39.29224],[-76.66844,39.29249],[-76.66887,39.29293],[-76.66956,39.29328],[-76.67012,39.29419],[-76.67276,39.29405],[-76.67213,39.28279],[-76.67214,39.28146],[-76.67228,39.28093],[-76.66375,39.27963],[-76.6625,39.2798],[-76.66117,39.28019],[-76.65996,39.28075],[-76.65902,39.28138],[-76.65978,39.28219],[-76.65995,39.28255],[-76.65991,39.2832],[-76.65956,39.28431],[-76.65961,39.28468],[-76.65914,39.28563],[-76.65944,39.28623],[-76.66019,39.28684],[-76.6614,39.28722],[-76.66333,39.28741],[-76.66355,39.28758],[-76.66428,39.28719]]]}},{"type":"Feature","properties":{"name":"Carrollton Ridge","canopy":0.212,"heat":96.062,"income":69104,"pop":776,"asthma":9.8,"poverty":0.202,"sites":9,"tes":95,"rankHeat":41,"rankCanopy":211,"bivHeat":8,"bivIncome":7,"canopyGap":0.188,"labelLng":-76.64871,"labelLat":39.28253},"geometry":{"type":"Polygon","coordinates":[[[-76.64468,39.27964],[-76.64516,39.28738],[-76.65271,39.28483],[-76.6525,39.28146],[-76.65415,39.2809],[-76.65236,39.27774],[-76.65104,39.2782],[-76.65026,39.27833],[-76.64916,39.27825],[-76.64911,39.27838],[-76.64699,39.2789],[-76.64468,39.27964]]]}},{"type":"Feature","properties":{"name":"Cedarcroft","canopy":0.369,"heat":93.032,"income":65454,"pop":626,"asthma":9.8,"poverty":0.201,"sites":297,"tes":64,"rankHeat":115,"rankCanopy":83,"bivHeat":1,"bivIncome":1,"canopyGap":0.031,"labelLng":-76.61399,"labelLat":39.36973},"geometry":{"type":"Polygon","coordinates":[[[-76.60977,39.37201],[-76.61834,39.37201],[-76.61806,39.36821],[-76.61494,39.36799],[-76.61086,39.36703],[-76.60988,39.36695],[-76.60977,39.37201]]]}},{"type":"Feature","properties":{"name":"Cedmont","canopy":0.455,"heat":92.883,"income":93603,"pop":2524,"asthma":10.5,"poverty":0.105,"sites":148,"tes":64,"rankHeat":121,"rankCanopy":27,"bivHeat":1,"bivIncome":0,"canopyGap":0.0,"labelLng":-76.53376,"labelLat":39.34845},"geometry":{"type":"Polygon","coordinates":[[[-76.5297,39.35563],[-76.54124,39.3454],[-76.54398,39.34346],[-76.53519,39.34148],[-76.53236,39.34194],[-76.52971,39.34215],[-76.5297,39.35563]]]}},{"type":"Feature","properties":{"name":"Cedonia","canopy":0.482,"heat":91.388,"income":107929,"pop":3168,"asthma":7.7,"poverty":0.13,"sites":289,"tes":88,"rankHeat":165,"rankCanopy":9,"bivHeat":1,"bivIncome":0,"canopyGap":0.0,"labelLng":-76.53166,"labelLat":39.32666},"geometry":{"type":"Polygon","coordinates":[[[-76.53519,39.33236],[-76.5346,39.33088],[-76.53453,39.33026],[-76.53489,39.3302],[-76.53482,39.32992],[-76.53444,39.32959],[-76.53411,39.32899],[-76.53408,39.32829],[-76.53358,39.32746],[-76.53371,39.32698],[-76.53365,39.32677],[-76.53231,39.32449],[-76.5325,39.32396],[-76.53279,39.32387],[-76.5328,39.32399],[-76.53299,39.32402],[-76.53318,39.32391],[-76.53322,39.32355],[-76.5335,39.32333],[-76.53369,39.32286],[-76.53429,39.32247],[-76.5346,39.32196],[-76.53481,39.32148],[-76.53446,39.32122],[-76.53442,39.32105],[-76.53452,39.32051],[-76.53475,39.3203],[-76.53468,39.32006],[-76.53505,39.31993],[-76.5359,39.31923],[-76.53584,39.31907],[-76.53543,39.31902],[-76.53542,39.31879],[-76.53567,39.3187],[-76.53571,39.31854],[-76.53509,39.31733],[-76.52973,39.32259],[-76.52972,39.33566],[-76.52983,39.33549],[-76.52997,39.3357],[-76.53039,39.33512],[-76.53243,39.33597],[-76.53404,39.33616],[-76.53624,39.3356],[-76.53749,39.33508],[-76.53669,39.33396],[-76.53565,39.33311],[-76.53519,39.33236]]]}},{"type":"Feature","properties":{"name":"Central Forest Park","canopy":0.308,"heat":88.54,"income":92571,"pop":1097,"asthma":7.4,"poverty":0.189,"sites":53,"tes":79,"rankHeat":258,"rankCanopy":119,"bivHeat":3,"bivIncome":3,"canopyGap":0.092,"labelLng":-76.68778,"labelLat":39.32684},"geometry":{"type":"Polygon","coordinates":[[[-76.68992,39.32362],[-76.68256,39.32583],[-76.68266,39.32603],[-76.68251,39.32739],[-76.69135,39.33003],[-76.69359,39.32565],[-76.68958,39.32444],[-76.68992,39.32362]]]}},{"type":"Feature","properties":{"name":"Central Park Heights","canopy":0.35,"heat":89.371,"income":53032,"pop":4339,"asthma":7.1,"poverty":0.25,"sites":337,"tes":52,"rankHeat":232,"rankCanopy":95,"bivHeat":3,"bivIncome":5,"canopyGap":0.05,"labelLng":-76.67217,"labelLat":39.34246},"geometry":{"type":"Polygon","coordinates":[[[-76.66982,39.35231],[-76.67592,39.349],[-76.68019,39.34621],[-76.67718,39.34338],[-76.67772,39.34213],[-76.66844,39.33946],[-76.6682,39.3393],[-76.6631,39.33264],[-76.66174,39.33328],[-76.66167,39.33336],[-76.66276,39.33484],[-76.66254,39.33541],[-76.66304,39.33794],[-76.66585,39.34117],[-76.66805,39.34429],[-76.66895,39.34675],[-76.66877,39.34823],[-76.66982,39.35231]]]}},{"type":"Feature","properties":{"name":"Charles North","canopy":0.184,"heat":96.551,"income":68110,"pop":1900,"asthma":9.9,"poverty":0.185,"sites":40,"tes":93,"rankHeat":25,"rankCanopy":233,"bivHeat":8,"bivIncome":7,"canopyGap":0.216,"labelLng":-76.61726,"labelLat":39.31029},"geometry":{"type":"Polygon","coordinates":[[[-76.61486,39.30986],[-76.61515,39.31429],[-76.61948,39.31413],[-76.61944,39.31311],[-76.6218,39.31302],[-76.62137,39.31229],[-76.61999,39.31116],[-76.61952,39.31052],[-76.62015,39.30924],[-76.61518,39.30634],[-76.61449,39.30613],[-76.61345,39.30613],[-76.61356,39.30778],[-76.61415,39.30787],[-76.61428,39.30988],[-76.61486,39.30986]]]}},{"type":"Feature","properties":{"name":"Cherry Hill","canopy":0.319,"heat":93.461,"income":52488,"pop":7647,"asthma":10.2,"poverty":0.266,"sites":207,"tes":99,"rankHeat":101,"rankCanopy":116,"bivHeat":4,"bivIncome":5,"canopyGap":0.081,"labelLng":-76.62977,"labelLat":39.24914},"geometry":{"type":"Polygon","coordinates":[[[-76.63222,39.25756],[-76.63307,39.25784],[-76.63386,39.25878],[-76.63513,39.2596],[-76.63539,39.26068],[-76.63578,39.26071],[-76.6364,39.25585],[-76.63668,39.25505],[-76.6371,39.25439],[-76.63818,39.25341],[-76.64443,39.24874],[-76.6187,39.2375],[-76.61846,39.23766],[-76.61628,39.23982],[-76.61618,39.2402],[-76.61585,39.24026],[-76.6153,39.24102],[-76.62198,39.24153],[-76.61746,39.24752],[-76.6161,39.24889],[-76.61489,39.24946],[-76.6175,39.25258],[-76.61791,39.25353],[-76.62451,39.25475],[-76.62589,39.25543],[-76.62686,39.25633],[-76.62772,39.25679],[-76.63222,39.25756]]]}},{"type":"Feature","properties":{"name":"Cheswolde","canopy":0.263,"heat":88.669,"income":117706,"pop":7613,"asthma":8.0,"poverty":0.057,"sites":178,"tes":70,"rankHeat":252,"rankCanopy":155,"bivHeat":3,"bivIncome":3,"canopyGap":0.137,"labelLng":-76.68123,"labelLat":39.36671},"geometry":{"type":"Polygon","coordinates":[[[-76.66519,39.36731],[-76.66606,39.36933],[-76.66604,39.37011],[-76.66575,39.3704],[-76.66641,39.37109],[-76.66644,39.37178],[-76.6662,39.37199],[-76.69244,39.37198],[-76.69246,39.3715],[-76.69261,39.37117],[-76.69407,39.37002],[-76.69469,39.36805],[-76.69512,39.36745],[-76.69391,39.36686],[-76.69346,39.3665],[-76.69303,39.36586],[-76.69296,39.3653],[-76.69191,39.36562],[-76.69098,39.3654],[-76.68966,39.36369],[-76.68847,39.363],[-76.68569,39.36214],[-76.68433,39.36203],[-76.68289,39.36211],[-76.68144,39.36198],[-76.68038,39.36183],[-76.67899,39.36144],[-76.67819,39.36162],[-76.67517,39.36275],[-76.67386,39.36381],[-76.67046,39.36537],[-76.66956,39.36624],[-76.66871,39.36673],[-76.6661,39.36691],[-76.66434,39.36662],[-76.6644,39.36701],[-76.66519,39.36731]]]}},{"type":"Feature","properties":{"name":"Chinquapin Park","canopy":0.497,"heat":93.044,"income":47706,"pop":1247,"asthma":8.4,"poverty":0.184,"sites":369,"tes":60,"rankHeat":113,"rankCanopy":1,"bivHeat":1,"bivIncome":2,"canopyGap":0.0,"labelLng":-76.60175,"labelLat":39.3628},"geometry":{"type":"Polygon","coordinates":[[[-76.60992,39.36514],[-76.60995,39.36414],[-76.60801,39.36421],[-76.60733,39.36411],[-76.60051,39.36016],[-76.59957,39.3599],[-76.59866,39.35986],[-76.59847,39.36223],[-76.59855,39.36321],[-76.59893,39.3642],[-76.60001,39.36571],[-76.6044,39.36469],[-76.60527,39.36461],[-76.60992,39.36514]]]}},{"type":"Feature","properties":{"name":"Orchard Ridge","canopy":0.227,"heat":92.402,"income":41710,"pop":1038,"asthma":9.1,"poverty":0.227,"sites":322,"tes":83,"rankHeat":138,"rankCanopy":191,"bivHeat":7,"bivIncome":8,"canopyGap":0.173,"labelLng":-76.56023,"labelLat":39.31317},"geometry":{"type":"Polygon","coordinates":[[[-76.54917,39.3157],[-76.54911,39.31604],[-76.54936,39.3164],[-76.55087,39.31652],[-76.55245,39.31682],[-76.5551,39.31788],[-76.55747,39.31633],[-76.55932,39.3153],[-76.56265,39.31389],[-76.56399,39.31362],[-76.56769,39.31349],[-76.5659,39.31163],[-76.56153,39.3084],[-76.56086,39.30902],[-76.55832,39.31062],[-76.55523,39.31169],[-76.54917,39.3157]]]}},{"type":"Feature","properties":{"name":"Clifton Park","canopy":0.353,"heat":92.688,"income":87207,"pop":16,"asthma":10.3,"poverty":0.195,"sites":89,"tes":80,"rankHeat":131,"rankCanopy":93,"bivHeat":4,"bivIncome":3,"canopyGap":0.047,"labelLng":-76.58278,"labelLat":39.32098},"geometry":{"type":"Polygon","coordinates":[[[-76.57636,39.32327],[-76.58367,39.32799],[-76.58727,39.3236],[-76.58996,39.32177],[-76.59375,39.31811],[-76.59483,39.31724],[-76.58985,39.31612],[-76.59055,39.31533],[-76.59055,39.31428],[-76.58214,39.31424],[-76.57459,39.32084],[-76.57709,39.32268],[-76.57636,39.32327]]]}},{"type":"Feature","properties":{"name":"Coldspring","canopy":0.328,"heat":89.257,"income":77712,"pop":1108,"asthma":10.8,"poverty":0.197,"sites":184,"tes":86,"rankHeat":238,"rankCanopy":108,"bivHeat":3,"bivIncome":4,"canopyGap":0.072,"labelLng":-76.65298,"labelLat":39.35073},"geometry":{"type":"Polygon","coordinates":[[[-76.65981,39.35256],[-76.65912,39.34785],[-76.65957,39.34594],[-76.65955,39.3456],[-76.65904,39.34459],[-76.65744,39.34323],[-76.65715,39.34263],[-76.65725,39.34219],[-76.65796,39.34137],[-76.65823,39.34078],[-76.65637,39.34159],[-76.65447,39.34208],[-76.65099,39.34452],[-76.65023,39.34487],[-76.64701,39.34525],[-76.64623,39.34951],[-76.64623,39.35019],[-76.64793,39.35421],[-76.64931,39.35573],[-76.64969,39.35637],[-76.65023,39.3592],[-76.65024,39.36062],[-76.65173,39.36022],[-76.6525,39.35982],[-76.65315,39.35922],[-76.65406,39.35801],[-76.65472,39.35755],[-76.6605,39.35516],[-76.65981,39.35256]]]}},{"type":"Feature","properties":{"name":"Coldstream Homestead Montebello","canopy":0.397,"heat":90.768,"income":72576,"pop":5638,"asthma":7.8,"poverty":0.054,"sites":347,"tes":64,"rankHeat":188,"rankCanopy":58,"bivHeat":0,"bivIncome":1,"canopyGap":0.003,"labelLng":-76.59583,"labelLat":39.32245},"geometry":{"type":"Polygon","coordinates":[[[-76.58893,39.3283],[-76.59789,39.32831],[-76.59808,39.32763],[-76.59949,39.3257],[-76.60702,39.31821],[-76.6026,39.31833],[-76.59543,39.31665],[-76.59375,39.31811],[-76.58996,39.32177],[-76.58727,39.3236],[-76.58446,39.32698],[-76.58525,39.32731],[-76.58777,39.32737],[-76.58804,39.32751],[-76.58854,39.3281],[-76.58893,39.3283]]]}},{"type":"Feature","properties":{"name":"Coppin Heights/Ash-Co-East","canopy":0.378,"heat":90.773,"income":48730,"pop":1845,"asthma":7.1,"poverty":0.285,"sites":348,"tes":68,"rankHeat":187,"rankCanopy":75,"bivHeat":0,"bivIncome":2,"canopyGap":0.022,"labelLng":-76.65784,"labelLat":39.30642},"geometry":{"type":"Polygon","coordinates":[[[-76.64974,39.30516],[-76.65244,39.30507],[-76.6527,39.30965],[-76.66386,39.30924],[-76.66308,39.30606],[-76.66088,39.30613],[-76.66072,39.30429],[-76.65907,39.30482],[-76.65728,39.30492],[-76.65602,39.30467],[-76.65376,39.3039],[-76.65073,39.30322],[-76.65069,39.30337],[-76.65017,39.30348],[-76.64982,39.3038],[-76.64968,39.30408],[-76.64974,39.30516]]]}},{"type":"Feature","properties":{"name":"Cross Country","canopy":0.294,"heat":88.51,"income":40229,"pop":5305,"asthma":9.9,"poverty":0.272,"sites":272,"tes":72,"rankHeat":261,"rankCanopy":132,"bivHeat":3,"bivIncome":5,"canopyGap":0.106,"labelLng":-76.69647,"labelLat":39.36463},"geometry":{"type":"Polygon","coordinates":[[[-76.69296,39.3653],[-76.69303,39.36586],[-76.69346,39.3665],[-76.69391,39.36686],[-76.69512,39.36745],[-76.69469,39.36805],[-76.69407,39.37002],[-76.69261,39.37117],[-76.69246,39.3715],[-76.69244,39.37198],[-76.7113,39.37196],[-76.70685,39.3681],[-76.69777,39.36072],[-76.69136,39.35736],[-76.68978,39.35989],[-76.68654,39.36233],[-76.68936,39.36343],[-76.68978,39.36383],[-76.69077,39.3652],[-76.6911,39.36546],[-76.69191,39.36562],[-76.69296,39.3653]]]}},{"type":"Feature","properties":{"name":"Cross Keys","canopy":0.386,"heat":89.002,"income":69622,"pop":883,"asthma":9.0,"poverty":0.211,"sites":116,"tes":99,"rankHeat":245,"rankCanopy":66,"bivHeat":0,"bivIncome":1,"canopyGap":0.014,"labelLng":-76.64509,"labelLat":39.3524},"geometry":{"type":"Polygon","coordinates":[[[-76.64623,39.34951],[-76.64701,39.34525],[-76.64472,39.34541],[-76.64327,39.34519],[-76.6423,39.34475],[-76.64028,39.34338],[-76.6432,39.35278],[-76.64623,39.36143],[-76.65024,39.36062],[-76.65028,39.36014],[-76.65023,39.3592],[-76.64969,39.35637],[-76.64931,39.35573],[-76.64793,39.35421],[-76.64631,39.3505],[-76.64623,39.34951]]]}},{"type":"Feature","properties":{"name":"Curtis Bay","canopy":0.349,"heat":89.543,"income":92270,"pop":3759,"asthma":7.5,"poverty":0.051,"sites":138,"tes":53,"rankHeat":228,"rankCanopy":96,"bivHeat":3,"bivIncome":3,"canopyGap":0.051,"labelLng":-76.59013,"labelLat":39.2236},"geometry":{"type":"Polygon","coordinates":[[[-76.58819,39.2319],[-76.5941,39.23377],[-76.59556,39.23072],[-76.59432,39.22903],[-76.59383,39.22786],[-76.59369,39.22704],[-76.5937,39.22497],[-76.59341,39.22269],[-76.59474,39.22258],[-76.59773,39.22135],[-76.58912,39.21325],[-76.58851,39.21406],[-76.58815,39.21421],[-76.58745,39.21422],[-76.58756,39.21562],[-76.58609,39.21621],[-76.58732,39.23081],[-76.58761,39.23126],[-76.58853,39.23171],[-76.58847,39.23186],[-76.58819,39.2319]]]}},{"type":"Feature","properties":{"name":"Cylburn","canopy":0.343,"heat":89.961,"income":111536,"pop":2212,"asthma":7.7,"poverty":0.223,"sites":162,"tes":82,"rankHeat":209,"rankCanopy":99,"bivHeat":3,"bivIncome":3,"canopyGap":0.057,"labelLng":-76.66402,"labelLat":39.34745},"geometry":{"type":"Polygon","coordinates":[[[-76.66937,39.35055],[-76.66876,39.34809],[-76.66895,39.34697],[-76.66891,39.34655],[-76.66805,39.34429],[-76.66776,39.34388],[-76.66676,39.34414],[-76.66424,39.34421],[-76.66425,39.34504],[-76.6619,39.34508],[-76.66191,39.34428],[-76.65884,39.34438],[-76.65934,39.34507],[-76.65957,39.34575],[-76.65912,39.34785],[-76.65961,39.35104],[-76.66093,39.35082],[-76.66937,39.35055]]]}},{"type":"Feature","properties":{"name":"Darley Park","canopy":0.251,"heat":96.292,"income":71123,"pop":540,"asthma":10.1,"poverty":0.176,"sites":5,"tes":100,"rankHeat":36,"rankCanopy":160,"bivHeat":5,"bivIncome":4,"canopyGap":0.149,"labelLng":-76.5933,"labelLat":39.31574},"geometry":{"type":"Polygon","coordinates":[[[-76.59055,39.31428],[-76.59049,39.31546],[-76.58985,39.31612],[-76.59483,39.31724],[-76.59784,39.31431],[-76.59631,39.31428],[-76.59248,39.31447],[-76.59235,39.31446],[-76.59233,39.31414],[-76.59184,39.31416],[-76.59185,39.31427],[-76.59055,39.31428]]]}},{"type":"Feature","properties":{"name":"Dickeyville","canopy":0.371,"heat":92.844,"income":68098,"pop":173,"asthma":7.3,"poverty":0.151,"sites":294,"tes":63,"rankHeat":123,"rankCanopy":82,"bivHeat":1,"bivIncome":1,"canopyGap":0.029,"labelLng":-76.7072,"labelLat":39.31567},"geometry":{"type":"Polygon","coordinates":[[[-76.71071,39.31956],[-76.71122,39.32138],[-76.7112,39.31253],[-76.70755,39.31028],[-76.70609,39.31356],[-76.70484,39.31461],[-76.70459,39.31482],[-76.7043,39.31408],[-76.70358,39.31352],[-76.70298,39.31408],[-76.70352,39.31446],[-76.70386,39.31508],[-76.70289,39.31536],[-76.7029,39.31549],[-76.70353,39.31589],[-76.70373,39.31756],[-76.70441,39.31829],[-76.70356,39.31873],[-76.70471,39.31997],[-76.70586,39.32048],[-76.707,39.32055],[-76.70801,39.32032],[-76.70896,39.32001],[-76.70998,39.31934],[-76.71071,39.31956]]]}},{"type":"Feature","properties":{"name":"Dolfield","canopy":0.242,"heat":88.629,"income":82315,"pop":1799,"asthma":8.3,"poverty":0.241,"sites":275,"tes":82,"rankHeat":253,"rankCanopy":173,"bivHeat":3,"bivIncome":4,"canopyGap":0.158,"labelLng":-76.68006,"labelLat":39.33815},"geometry":{"type":"Polygon","coordinates":[[[-76.67813,39.33975],[-76.683,39.34129],[-76.68472,39.33927],[-76.68473,39.33588],[-76.68425,39.33504],[-76.67735,39.33538],[-76.6767,39.33552],[-76.67389,39.33662],[-76.67497,39.33779],[-76.67623,39.33879],[-76.67696,39.33925],[-76.67813,39.33975]]]}},{"type":"Feature","properties":{"name":"Dorchester","canopy":0.481,"heat":93.881,"income":40048,"pop":1565,"asthma":7.9,"poverty":0.11,"sites":202,"tes":57,"rankHeat":83,"rankCanopy":11,"bivHeat":2,"bivIncome":2,"canopyGap":0.0,"labelLng":-76.6866,"labelLat":39.33157},"geometry":{"type":"Polygon","coordinates":[[[-76.69135,39.33003],[-76.68251,39.32739],[-76.68236,39.32909],[-76.68275,39.33274],[-76.68473,39.33588],[-76.68935,39.33571],[-76.68935,39.33399],[-76.69135,39.33003]]]}},{"type":"Feature","properties":{"name":"Downtown","canopy":0.145,"heat":95.735,"income":59788,"pop":5844,"asthma":9.9,"poverty":0.197,"sites":114,"tes":71,"rankHeat":51,"rankCanopy":254,"bivHeat":8,"bivIncome":8,"canopyGap":0.255,"labelLng":-76.61535,"labelLat":39.29126},"geometry":{"type":"Polygon","coordinates":[[[-76.60476,39.28829],[-76.60653,39.29091],[-76.60717,39.29152],[-76.61009,39.29348],[-76.61042,39.29396],[-76.61063,39.29459],[-76.61321,39.29453],[-76.6145,39.29515],[-76.62262,39.29483],[-76.62249,39.29278],[-76.62386,39.29273],[-76.62372,39.29028],[-76.62234,39.29035],[-76.62217,39.28746],[-76.61067,39.2879],[-76.60915,39.28771],[-76.60835,39.28786],[-76.60633,39.28794],[-76.60476,39.28829]]]}},{"type":"Feature","properties":{"name":"Druid Heights","canopy":0.203,"heat":95.433,"income":65764,"pop":945,"asthma":9.8,"poverty":0.192,"sites":11,"tes":53,"rankHeat":58,"rankCanopy":219,"bivHeat":8,"bivIncome":7,"canopyGap":0.197,"labelLng":-76.637,"labelLat":39.30776},"geometry":{"type":"Polygon","coordinates":[[[-76.63452,39.30513],[-76.63266,39.30648],[-76.6346,39.30804],[-76.63379,39.30864],[-76.63464,39.30933],[-76.63485,39.30935],[-76.63466,39.30955],[-76.63494,39.30959],[-76.63574,39.31022],[-76.6357,39.31035],[-76.64251,39.31006],[-76.63847,39.30668],[-76.63743,39.30748],[-76.63452,39.30513]]]}},{"type":"Feature","properties":{"name":"Druid Hill Park","canopy":0.343,"heat":88.23,"income":97968,"pop":27,"asthma":9.1,"poverty":0.3,"sites":354,"tes":99,"rankHeat":268,"rankCanopy":100,"bivHeat":3,"bivIncome":3,"canopyGap":0.057,"labelLng":-76.64417,"labelLat":39.32329},"geometry":{"type":"Polygon","coordinates":[[[-76.64789,39.32961],[-76.65204,39.33097],[-76.654,39.33025],[-76.65508,39.32947],[-76.65536,39.32909],[-76.65655,39.32644],[-76.65758,39.32539],[-76.65249,39.31857],[-76.65206,39.31878],[-76.65074,39.32022],[-76.64802,39.31896],[-76.64568,39.31691],[-76.64268,39.31566],[-76.64005,39.31571],[-76.63712,39.31697],[-76.63665,39.31703],[-76.63392,39.31709],[-76.63262,39.31699],[-76.6326,39.31687],[-76.63087,39.31681],[-76.63005,39.31687],[-76.62926,39.31717],[-76.63029,39.31998],[-76.63242,39.32334],[-76.6333,39.32426],[-76.63517,39.32544],[-76.63677,39.32606],[-76.63924,39.3265],[-76.64028,39.32714],[-76.64107,39.32746],[-76.64212,39.32835],[-76.64279,39.32967],[-76.64323,39.32959],[-76.64459,39.32971],[-76.64459,39.33031],[-76.64489,39.33091],[-76.64539,39.33071],[-76.64619,39.32991],[-76.64789,39.32961]]]}},{"type":"Feature","properties":{"name":"Dunbar-Broadway","canopy":0.116,"heat":97.535,"income":54663,"pop":2425,"asthma":10.2,"poverty":0.207,"sites":37,"tes":89,"rankHeat":10,"rankCanopy":274,"bivHeat":8,"bivIncome":8,"canopyGap":0.284,"labelLng":-76.5953,"labelLat":39.29556},"geometry":{"type":"Polygon","coordinates":[[[-76.59465,39.29393],[-76.59062,39.29407],[-76.59076,39.29639],[-76.58946,39.29644],[-76.58958,39.29856],[-76.60008,39.29814],[-76.59969,39.29253],[-76.59465,39.29393]]]}},{"type":"Feature","properties":{"name":"Dundalk Marine Terminal","canopy":0.288,"heat":88.674,"income":52532,"pop":7,"asthma":9.8,"poverty":0.084,"sites":66,"tes":55,"rankHeat":251,"rankCanopy":137,"bivHeat":3,"bivIncome":5,"canopyGap":0.112,"labelLng":-76.5338,"labelLat":39.24848},"geometry":{"type":"Polygon","coordinates":[[[-76.52983,39.24025],[-76.5298,39.25526],[-76.53182,39.25658],[-76.53482,39.25774],[-76.53467,39.25739],[-76.53452,39.25625],[-76.53488,39.25565],[-76.53555,39.25555],[-76.53875,39.2454],[-76.53575,39.2422],[-76.53595,39.24208],[-76.53575,39.24185],[-76.53549,39.24191],[-76.53297,39.23921],[-76.52983,39.24025]]]}},{"type":"Feature","properties":{"name":"East Arlington","canopy":0.215,"heat":90.335,"income":73196,"pop":2187,"asthma":7.8,"poverty":0.28,"sites":127,"tes":80,"rankHeat":201,"rankCanopy":205,"bivHeat":6,"bivIncome":7,"canopyGap":0.185,"labelLng":-76.66818,"labelLat":39.33109},"geometry":{"type":"Polygon","coordinates":[[[-76.6659,39.33299],[-76.66669,39.33262],[-76.66669,39.333],[-76.66737,39.33372],[-76.66966,39.33452],[-76.67139,39.33492],[-76.67171,39.33461],[-76.67358,39.33397],[-76.66916,39.32891],[-76.6643,39.32752],[-76.6659,39.33299]]]}},{"type":"Feature","properties":{"name":"East Baltimore Midway","canopy":0.239,"heat":96.296,"income":79205,"pop":4363,"asthma":9.7,"poverty":0.146,"sites":87,"tes":65,"rankHeat":35,"rankCanopy":175,"bivHeat":5,"bivIncome":4,"canopyGap":0.161,"labelLng":-76.60342,"labelLat":39.3148},"geometry":{"type":"Polygon","coordinates":[[[-76.59543,39.31665],[-76.60306,39.31836],[-76.60946,39.31812],[-76.60946,39.31141],[-76.595,39.31214],[-76.5951,39.31257],[-76.59535,39.31283],[-76.59784,39.31431],[-76.59543,39.31665]]]}},{"type":"Feature","properties":{"name":"Easterwood","canopy":0.45,"heat":91.317,"income":75623,"pop":1178,"asthma":10.0,"poverty":0.142,"sites":95,"tes":50,"rankHeat":168,"rankCanopy":30,"bivHeat":1,"bivIncome":1,"canopyGap":0.0,"labelLng":-76.65029,"labelLat":39.30742},"geometry":{"type":"Polygon","coordinates":[[[-76.64815,39.3098],[-76.6527,39.30965],[-76.65244,39.30507],[-76.64789,39.30523],[-76.64815,39.3098]]]}},{"type":"Feature","properties":{"name":"Edmondson Village","canopy":0.274,"heat":91.182,"income":106904,"pop":3642,"asthma":10.0,"poverty":0.284,"sites":325,"tes":63,"rankHeat":169,"rankCanopy":147,"bivHeat":4,"bivIncome":3,"canopyGap":0.126,"labelLng":-76.68311,"labelLat":39.29833},"geometry":{"type":"Polygon","coordinates":[[[-76.67984,39.29965],[-76.68566,39.30291],[-76.68617,39.30296],[-76.6874,39.30246],[-76.68756,39.30216],[-76.6875,39.30189],[-76.68632,39.30034],[-76.68593,39.29358],[-76.67976,39.29379],[-76.68009,39.29942],[-76.67984,39.29965]]]}},{"type":"Feature","properties":{"name":"Ednor Gardens-Lakeside","canopy":0.477,"heat":88.688,"income":55922,"pop":4865,"asthma":8.9,"poverty":0.103,"sites":355,"tes":82,"rankHeat":250,"rankCanopy":12,"bivHeat":0,"bivIncome":2,"canopyGap":0.0,"labelLng":-76.60005,"labelLat":39.33419},"geometry":{"type":"Polygon","coordinates":[[[-76.59595,39.33479],[-76.5988,39.33721],[-76.59955,39.33812],[-76.60004,39.33898],[-76.60019,39.34007],[-76.60058,39.33999],[-76.60144,39.33952],[-76.60187,39.33901],[-76.60221,39.33829],[-76.60257,39.33796],[-76.60622,39.33615],[-76.60682,39.33606],[-76.60578,39.33574],[-76.60517,39.33533],[-76.6037,39.3323],[-76.60361,39.32831],[-76.58924,39.3283],[-76.58923,39.32984],[-76.5884,39.33774],[-76.59166,39.33795],[-76.59411,39.33769],[-76.59415,39.3363],[-76.59435,39.33549],[-76.59495,39.33433],[-76.59542,39.334],[-76.59595,39.33479]]]}},{"type":"Feature","properties":{"name":"Ellwood Park/Monument","canopy":0.322,"heat":93.537,"income":118701,"pop":3137,"asthma":10.7,"poverty":0.179,"sites":31,"tes":65,"rankHeat":98,"rankCanopy":112,"bivHeat":4,"bivIncome":3,"canopyGap":0.078,"labelLng":-76.57222,"labelLat":39.29704},"geometry":{"type":"Polygon","coordinates":[[[-76.57665,39.2991],[-76.57635,39.29463],[-76.56957,39.29488],[-76.56965,39.29602],[-76.56779,39.29628],[-76.56794,39.29726],[-76.56707,39.29738],[-76.56723,39.29943],[-76.57665,39.2991]]]}},{"type":"Feature","properties":{"name":"Evergreen","canopy":0.487,"heat":90.241,"income":70310,"pop":355,"asthma":9.5,"poverty":0.209,"sites":388,"tes":60,"rankHeat":204,"rankCanopy":7,"bivHeat":0,"bivIncome":1,"canopyGap":0.0,"labelLng":-76.62901,"labelLat":39.34661},"geometry":{"type":"Polygon","coordinates":[[[-76.62639,39.34504],[-76.62693,39.3463],[-76.62684,39.34649],[-76.62693,39.34694],[-76.62746,39.34728],[-76.62743,39.34762],[-76.62784,39.34807],[-76.6278,39.34835],[-76.62796,39.34855],[-76.63131,39.34867],[-76.63099,39.34457],[-76.62639,39.34504]]]}},{"type":"Feature","properties":{"name":"Evergreen Lawn","canopy":0.2,"heat":88.594,"income":67420,"pop":988,"asthma":10.8,"poverty":0.25,"sites":59,"tes":61,"rankHeat":255,"rankCanopy":226,"bivHeat":6,"bivIncome":7,"canopyGap":0.2,"labelLng":-76.65644,"labelLat":39.2969},"geometry":{"type":"Polygon","coordinates":[[[-76.65945,39.29539],[-76.65328,39.29561],[-76.6534,39.29776],[-76.65802,39.2976],[-76.65805,39.29837],[-76.65959,39.29831],[-76.65945,39.29539]]]}},{"type":"Feature","properties":{"name":"Fairfield Area","canopy":0.235,"heat":93.992,"income":97616,"pop":127,"asthma":9.1,"poverty":0.295,"sites":189,"tes":56,"rankHeat":79,"rankCanopy":177,"bivHeat":5,"bivIncome":3,"canopyGap":0.165,"labelLng":-76.58176,"labelLat":39.23802},"geometry":{"type":"Polygon","coordinates":[[[-76.58173,39.23179],[-76.58086,39.23126],[-76.58018,39.23113],[-76.57974,39.23058],[-76.57956,39.23012],[-76.57917,39.22976],[-76.5792,39.22889],[-76.57878,39.22768],[-76.57909,39.22714],[-76.57897,39.22679],[-76.57676,39.22553],[-76.57646,39.22552],[-76.57438,39.22626],[-76.57248,39.22712],[-76.57072,39.22737],[-76.56956,39.22723],[-76.56862,39.22691],[-76.56842,39.22648],[-76.5681,39.22663],[-76.56777,39.22651],[-76.56766,39.22615],[-76.56753,39.22627],[-76.56713,39.22619],[-76.56704,39.22598],[-76.566,39.22517],[-76.56434,39.22452],[-76.56407,39.22467],[-76.56414,39.22501],[-76.56219,39.22747],[-76.56298,39.23011],[-76.56286,39.2303],[-76.56262,39.23051],[-76.5601,39.23105],[-76.56005,39.23123],[-76.56031,39.23192],[-76.55895,39.23217],[-76.55858,39.23341],[-76.5588,39.23412],[-76.56012,39.23547],[-76.56208,39.2351],[-76.56369,39.23725],[-76.56335,39.23742],[-76.564,39.23821],[-76.56432,39.23897],[-76.56488,39.23917],[-76.56545,39.23913],[-76.56571,39.23938],[-76.56573,39.23949],[-76.56476,39.23993],[-76.56463,39.24013],[-76.56526,39.24078],[-76.5658,39.24107],[-76.56769,39.24007],[-76.56776,39.24025],[-76.56736,39.24057],[-76.56739,39.24075],[-76.56615,39.24152],[-76.56746,39.24287],[-76.56778,39.24274],[-76.56709,39.24212],[-76.56951,39.24072],[-76.56974,39.24096],[-76.56923,39.24124],[-76.56982,39.24105],[-76.56905,39.24148],[-76.56965,39.24282],[-76.57109,39.24246],[-76.57122,39.24255],[-76.57125,39.24296],[-76.57082,39.24306],[-76.57184,39.24296],[-76.57186,39.24304],[-76.57091,39.24319],[-76.5712,39.24317],[-76.57125,39.24336],[-76.57004,39.24354],[-76.57079,39.24406],[-76.57073,39.24419],[-76.57137,39.24466],[-76.57009,39.24564],[-76.57021,39.24574],[-76.57143,39.24478],[-76.5715,39.24499],[-76.5717,39.24488],[-76.57186,39.24494],[-76.57175,39.24511],[-76.57183,39.2452],[-76.57239,39.24535],[-76.57108,39.24699],[-76.57246,39.24539],[-76.57311,39.24576],[-76.57166,39.24758],[-76.57178,39.24764],[-76.57323,39.24582],[-76.57342,39.24593],[-76.57333,39.24605],[-76.57395,39.24636],[-76.57387,39.24698],[-76.57462,39.24677],[-76.57511,39.24694],[-76.57525,39.24688],[-76.57537,39.24692],[-76.57517,39.24718],[-76.57642,39.24785],[-76.57686,39.248],[-76.57731,39.24796],[-76.57651,39.24896],[-76.57658,39.24899],[-76.57645,39.24916],[-76.57668,39.24928],[-76.57764,39.24811],[-76.57862,39.24859],[-76.5777,39.24974],[-76.57784,39.24982],[-76.58048,39.24654],[-76.58119,39.24689],[-76.57861,39.25031],[-76.5788,39.2504],[-76.57811,39.25125],[-76.57819,39.25143],[-76.57981,39.24939],[-76.58003,39.24937],[-76.58043,39.24956],[-76.58082,39.24911],[-76.58174,39.24893],[-76.58188,39.249],[-76.58008,39.25125],[-76.58018,39.25129],[-76.58052,39.25096],[-76.58194,39.24917],[-76.58216,39.24914],[-76.58236,39.24924],[-76.58216,39.24956],[-76.58251,39.24938],[-76.58263,39.24945],[-76.58253,39.24958],[-76.58258,39.24981],[-76.58122,39.25152],[-76.58132,39.25161],[-76.58297,39.24953],[-76.58312,39.2496],[-76.58322,39.24948],[-76.58329,39.24816],[-76.58358,39.24828],[-76.58366,39.24889],[-76.58402,39.24919],[-76.58391,39.24948],[-76.58369,39.24948],[-76.58365,39.25033],[-76.58379,39.25033],[-76.58376,39.25044],[-76.58406,39.25033],[-76.58407,39.25012],[-76.58394,39.25012],[-76.58395,39.24973],[-76.58408,39.24959],[-76.58396,39.24955],[-76.58396,39.24948],[-76.58413,39.24926],[-76.58464,39.24939],[-76.58465,39.24952],[-76.58437,39.2497],[-76.58421,39.25114],[-76.58449,39.25138],[-76.58472,39.25118],[-76.58482,39.24967],[-76.58493,39.24967],[-76.58492,39.24981],[-76.58527,39.24982],[-76.58518,39.2494],[-76.58538,39.24884],[-76.58534,39.24814],[-76.58546,39.24803],[-76.58553,39.2473],[-76.58539,39.24631],[-76.58556,39.24564],[-76.58674,39.24612],[-76.58699,39.2464],[-76.58679,39.24707],[-76.58697,39.24726],[-76.58679,39.24861],[-76.58654,39.24925],[-76.58666,39.25033],[-76.58713,39.25073],[-76.58745,39.25048],[-76.58965,39.25018],[-76.59037,39.25021],[-76.59101,39.25043],[-76.59152,39.25017],[-76.59225,39.25019],[-76.59238,39.24994],[-76.59252,39.24994],[-76.59253,39.25005],[-76.59265,39.24991],[-76.59253,39.24985],[-76.59291,39.24953],[-76.5929,39.24888],[-76.59249,39.24822],[-76.59254,39.2481],[-76.59172,39.24758],[-76.59187,39.24724],[-76.59233,39.24686],[-76.59239,39.24663],[-76.59235,39.24644],[-76.59203,39.24616],[-76.59162,39.24604],[-76.5913,39.24533],[-76.59141,39.2449],[-76.59188,39.24414],[-76.59169,39.24368],[-76.59204,39.24357],[-76.59254,39.24425],[-76.59261,39.24492],[-76.59304,39.24499],[-76.59338,39.24523],[-76.59393,39.24493],[-76.59461,39.24482],[-76.59496,39.24326],[-76.59519,39.24323],[-76.595,39.24332],[-76.59498,39.24361],[-76.59534,39.24327],[-76.59528,39.24317],[-76.59509,39.24309],[-76.59502,39.24301],[-76.59535,39.2432],[-76.59538,39.24326],[-76.59498,39.24377],[-76.59511,39.2446],[-76.5948,39.24525],[-76.59533,39.24467],[-76.59541,39.24427],[-76.59604,39.24413],[-76.59627,39.24414],[-76.59674,39.24454],[-76.59769,39.24448],[-76.59844,39.24461],[-76.59873,39.24488],[-76.59868,39.24519],[-76.59767,39.24607],[-76.5975,39.24639],[-76.59779,39.24652],[-76.59835,39.24637],[-76.59858,39.24665],[-76.59854,39.24727],[-76.59828,39.24779],[-76.59786,39.24793],[-76.59822,39.24819],[-76.59854,39.24821],[-76.59911,39.24788],[-76.60006,39.2466],[-76.60051,39.24626],[-76.60093,39.24539],[-76.60152,39.24467],[-76.60139,39.2443],[-76.60114,39.24415],[-76.6014,39.24372],[-76.60241,39.24356],[-76.60309,39.2436],[-76.60327,39.24378],[-76.60369,39.24379],[-76.60481,39.24359],[-76.60472,39.24332],[-76.60497,39.24315],[-76.60546,39.24352],[-76.60579,39.24399],[-76.60638,39.24411],[-76.60704,39.2439],[-76.60761,39.24327],[-76.60788,39.24324],[-76.60845,39.24428],[-76.60837,39.24441],[-76.60852,39.24446],[-76.60844,39.24456],[-76.6086,39.24468],[-76.60863,39.24517],[-76.60909,39.24561],[-76.60898,39.2457],[-76.60914,39.24593],[-76.60903,39.24617],[-76.60883,39.24625],[-76.60893,39.24648],[-76.60941,39.24658],[-76.60987,39.24626],[-76.61081,39.24675],[-76.61103,39.2466],[-76.60901,39.24419],[-76.60874,39.24355],[-76.60886,39.24294],[-76.61039,39.24013],[-76.60865,39.24033],[-76.60881,39.24002],[-76.60123,39.24061],[-76.59871,39.24004],[-76.60077,39.23584],[-76.58808,39.23188],[-76.58632,39.2325],[-76.58196,39.23206],[-76.58173,39.23179]]]}},{"type":"Feature","properties":{"name":"Fairmount","canopy":0.391,"heat":92.14,"income":109089,"pop":322,"asthma":9.0,"poverty":0.22,"sites":382,"tes":68,"rankHeat":143,"rankCanopy":62,"bivHeat":1,"bivIncome":0,"canopyGap":0.009,"labelLng":-76.68016,"labelLat":39.30893},"geometry":{"type":"Polygon","coordinates":[[[-76.68181,39.31072],[-76.68404,39.31192],[-76.6843,39.31159],[-76.6841,39.31061],[-76.68443,39.30883],[-76.685,39.3084],[-76.68527,39.30764],[-76.68519,39.3073],[-76.68475,39.307],[-76.68321,39.30674],[-76.68142,39.30677],[-76.68007,39.30631],[-76.67932,39.30586],[-76.6792,39.30688],[-76.67861,39.30662],[-76.67692,39.3068],[-76.67644,39.30661],[-76.67561,39.30593],[-76.67535,39.30589],[-76.67408,39.30629],[-76.67355,39.30717],[-76.67268,39.30814],[-76.67247,39.30867],[-76.67243,39.30887],[-76.67587,39.30881],[-76.676,39.31091],[-76.68181,39.31072]]]}},{"type":"Feature","properties":{"name":"Federal Hill","canopy":0.157,"heat":95.097,"income":68124,"pop":2490,"asthma":9.9,"poverty":0.181,"sites":50,"tes":70,"rankHeat":61,"rankCanopy":246,"bivHeat":8,"bivIncome":7,"canopyGap":0.243,"labelLng":-76.61095,"labelLat":39.27785},"geometry":{"type":"Polygon","coordinates":[[[-76.60705,39.28084],[-76.61132,39.28068],[-76.6125,39.28069],[-76.61277,39.28088],[-76.61272,39.28053],[-76.61577,39.28042],[-76.61539,39.2747],[-76.61118,39.27478],[-76.61137,39.27609],[-76.6122,39.276],[-76.61234,39.27704],[-76.60629,39.27762],[-76.60644,39.28038],[-76.60667,39.28069],[-76.60705,39.28084]]]}},{"type":"Feature","properties":{"name":"Forest Park","canopy":0.369,"heat":89.285,"income":103380,"pop":1255,"asthma":9.0,"poverty":0.263,"sites":182,"tes":78,"rankHeat":236,"rankCanopy":84,"bivHeat":0,"bivIncome":0,"canopyGap":0.031,"labelLng":-76.6765,"labelLat":39.3237},"geometry":{"type":"Polygon","coordinates":[[[-76.673,39.32107],[-76.67146,39.32418],[-76.68251,39.32739],[-76.68266,39.32603],[-76.68256,39.32583],[-76.68109,39.32335],[-76.67968,39.32206],[-76.6786,39.32148],[-76.67838,39.32186],[-76.67302,39.32025],[-76.673,39.32107]]]}},{"type":"Feature","properties":{"name":"Frankford","canopy":0.406,"heat":93.089,"income":67098,"pop":17135,"asthma":9.9,"poverty":0.281,"sites":319,"tes":52,"rankHeat":110,"rankCanopy":55,"bivHeat":1,"bivIncome":1,"canopyGap":0.0,"labelLng":-76.54776,"labelLat":39.32871},"geometry":{"type":"Polygon","coordinates":[[[-76.52997,39.3357],[-76.52983,39.33549],[-76.52972,39.33566],[-76.52971,39.34215],[-76.53236,39.34194],[-76.53519,39.34148],[-76.54398,39.34346],[-76.55944,39.33274],[-76.56322,39.32993],[-76.56078,39.32821],[-76.56121,39.32784],[-76.5603,39.32717],[-76.56085,39.32577],[-76.55769,39.32539],[-76.55618,39.3258],[-76.55561,39.3258],[-76.55512,39.32561],[-76.55398,39.32484],[-76.55204,39.31986],[-76.55505,39.31784],[-76.55232,39.31678],[-76.55042,39.31646],[-76.54941,39.31642],[-76.54911,39.31604],[-76.54917,39.3157],[-76.54818,39.31629],[-76.54729,39.31565],[-76.54666,39.31544],[-76.54597,39.31549],[-76.54388,39.31614],[-76.54198,39.31585],[-76.54025,39.31528],[-76.53959,39.31491],[-76.53847,39.31399],[-76.53509,39.31733],[-76.53571,39.31854],[-76.53567,39.3187],[-76.53542,39.31879],[-76.53543,39.31902],[-76.53584,39.31907],[-76.5359,39.31923],[-76.53505,39.31993],[-76.53468,39.32006],[-76.53475,39.3203],[-76.53452,39.32051],[-76.53442,39.32105],[-76.53446,39.32122],[-76.53481,39.32148],[-76.5346,39.32196],[-76.53429,39.32247],[-76.53369,39.32286],[-76.5335,39.32333],[-76.53322,39.32355],[-76.53318,39.32391],[-76.53299,39.32402],[-76.5328,39.32399],[-76.53279,39.32387],[-76.5325,39.32396],[-76.53231,39.32449],[-76.53365,39.32677],[-76.53371,39.32698],[-76.53358,39.32746],[-76.53408,39.32829],[-76.53411,39.32899],[-76.53444,39.32959],[-76.53482,39.32992],[-76.53489,39.3302],[-76.53453,39.33026],[-76.5346,39.33088],[-76.53519,39.33236],[-76.53565,39.33311],[-76.53669,39.33396],[-76.53749,39.33508],[-76.53624,39.3356],[-76.53404,39.33616],[-76.53243,39.33597],[-76.53039,39.33512],[-76.52997,39.3357]]]}},{"type":"Feature","properties":{"name":"Franklin Square","canopy":0.231,"heat":94.929,"income":78225,"pop":2922,"asthma":9.4,"poverty":0.147,"sites":48,"tes":75,"rankHeat":66,"rankCanopy":185,"bivHeat":5,"bivIncome":4,"canopyGap":0.169,"labelLng":-76.64263,"labelLat":39.28994},"geometry":{"type":"Polygon","coordinates":[[[-76.6472,39.29293],[-76.64685,39.2868],[-76.64238,39.28831],[-76.64236,39.28793],[-76.63812,39.28809],[-76.63837,39.29319],[-76.6472,39.29293]]]}},{"type":"Feature","properties":{"name":"Franklintown","canopy":0.243,"heat":90.313,"income":106300,"pop":1193,"asthma":7.8,"poverty":0.059,"sites":52,"tes":89,"rankHeat":202,"rankCanopy":171,"bivHeat":3,"bivIncome":3,"canopyGap":0.157,"labelLng":-76.69956,"labelLat":39.30614},"geometry":{"type":"Polygon","coordinates":[[[-76.70755,39.31028],[-76.7112,39.31253],[-76.7112,39.30289],[-76.70993,39.30262],[-76.70955,39.30276],[-76.709,39.30329],[-76.70794,39.30331],[-76.70653,39.30295],[-76.70571,39.30256],[-76.70543,39.30225],[-76.7055,39.30194],[-76.70653,39.30111],[-76.7067,39.30081],[-76.70648,39.29998],[-76.70622,39.29965],[-76.70567,39.29937],[-76.70485,39.29969],[-76.70405,39.29958],[-76.7031,39.29969],[-76.70279,39.30006],[-76.70296,39.30043],[-76.70287,39.30061],[-76.70125,39.30121],[-76.70063,39.30193],[-76.70015,39.30189],[-76.69933,39.30207],[-76.69874,39.3019],[-76.6985,39.30147],[-76.69765,39.30136],[-76.6965,39.30205],[-76.69566,39.3021],[-76.69489,39.30193],[-76.69426,39.30245],[-76.69428,39.30291],[-76.69486,39.30377],[-76.69491,39.30404],[-76.69463,39.30431],[-76.6945,39.30473],[-76.69424,39.3049],[-76.69354,39.30491],[-76.69233,39.3046],[-76.69139,39.30453],[-76.69033,39.30504],[-76.68973,39.30506],[-76.68927,39.30493],[-76.68895,39.30469],[-76.68903,39.30455],[-76.68779,39.30518],[-76.68744,39.30518],[-76.68719,39.30488],[-76.68691,39.30485],[-76.68668,39.30493],[-76.68639,39.3053],[-76.68719,39.30548],[-76.68766,39.3058],[-76.68918,39.308],[-76.68969,39.30804],[-76.69032,39.30838],[-76.69178,39.30871],[-76.69307,39.30944],[-76.69497,39.30863],[-76.69611,39.30833],[-76.69773,39.30849],[-76.69895,39.30963],[-76.70105,39.30959],[-76.7058,39.30984],[-76.70755,39.31028]]]}},{"type":"Feature","properties":{"name":"Franklintown Road","canopy":0.232,"heat":91.517,"income":99404,"pop":1338,"asthma":9.3,"poverty":0.284,"sites":128,"tes":88,"rankHeat":163,"rankCanopy":182,"bivHeat":4,"bivIncome":3,"canopyGap":0.168,"labelLng":-76.66763,"labelLat":39.29784},"geometry":{"type":"Polygon","coordinates":[[[-76.6649,39.29437],[-76.66532,39.30135],[-76.6673,39.30126],[-76.66728,39.30061],[-76.66793,39.30058],[-76.66871,39.30083],[-76.66901,39.29966],[-76.66893,39.29926],[-76.66972,39.29959],[-76.67052,39.29636],[-76.67052,39.29493],[-76.67031,39.29418],[-76.6649,39.29437]]]}},{"type":"Feature","properties":{"name":"Garwyn Oaks","canopy":0.226,"heat":93.134,"income":83830,"pop":1349,"asthma":10.9,"poverty":0.296,"sites":146,"tes":62,"rankHeat":109,"rankCanopy":193,"bivHeat":7,"bivIncome":7,"canopyGap":0.174,"labelLng":-76.67924,"labelLat":39.31817},"geometry":{"type":"Polygon","coordinates":[[[-76.68193,39.32143],[-76.68149,39.31603],[-76.68113,39.31393],[-76.6765,39.31407],[-76.67693,39.31502],[-76.67684,39.3193],[-76.67741,39.32062],[-76.67785,39.32106],[-76.67998,39.32228],[-76.68193,39.32143]]]}},{"type":"Feature","properties":{"name":"Gay Street","canopy":0.14,"heat":97.044,"income":61081,"pop":1745,"asthma":10.0,"poverty":0.195,"sites":29,"tes":83,"rankHeat":16,"rankCanopy":260,"bivHeat":8,"bivIncome":8,"canopyGap":0.26,"labelLng":-76.59683,"labelLat":39.30111},"geometry":{"type":"Polygon","coordinates":[[[-76.59913,39.29818],[-76.59413,39.29838],[-76.59452,39.30429],[-76.59951,39.3041],[-76.59913,39.29818]]]}},{"type":"Feature","properties":{"name":"Glen","canopy":0.217,"heat":90.406,"income":119073,"pop":7766,"asthma":9.1,"poverty":0.133,"sites":82,"tes":59,"rankHeat":199,"rankCanopy":204,"bivHeat":6,"bivIncome":6,"canopyGap":0.183,"labelLng":-76.68981,"labelLat":39.35555},"geometry":{"type":"Polygon","coordinates":[[[-76.68468,39.36204],[-76.68654,39.36233],[-76.68978,39.35989],[-76.69136,39.35736],[-76.69757,39.36059],[-76.69979,39.36235],[-76.70516,39.3582],[-76.70252,39.35617],[-76.70246,39.35623],[-76.69185,39.34879],[-76.68529,39.35213],[-76.6769,39.35612],[-76.67759,39.3571],[-76.67817,39.35747],[-76.68135,39.3609],[-76.68165,39.36148],[-76.68162,39.362],[-76.68289,39.36211],[-76.68468,39.36204]]]}},{"type":"Feature","properties":{"name":"Glen Oaks","canopy":0.425,"heat":93.582,"income":113954,"pop":2678,"asthma":7.3,"poverty":0.069,"sites":118,"tes":98,"rankHeat":96,"rankCanopy":45,"bivHeat":1,"bivIncome":0,"canopyGap":0.0,"labelLng":-76.59635,"labelLat":39.36412},"geometry":{"type":"Polygon","coordinates":[[[-76.59428,39.36021],[-76.59365,39.36549],[-76.59303,39.36822],[-76.59306,39.36854],[-76.59468,39.37136],[-76.5949,39.37201],[-76.59746,39.37201],[-76.59714,39.37189],[-76.59726,39.37162],[-76.5972,39.37132],[-76.59743,39.37089],[-76.59812,39.37047],[-76.59842,39.3701],[-76.59912,39.36978],[-76.59927,39.36948],[-76.60002,39.36877],[-76.60023,39.36897],[-76.60009,39.36866],[-76.60026,39.36841],[-76.60028,39.36809],[-76.59983,39.36723],[-76.59946,39.36707],[-76.59972,39.36661],[-76.59938,39.36585],[-76.60001,39.36571],[-76.59893,39.3642],[-76.59861,39.36343],[-76.59845,39.36262],[-76.59861,39.36004],[-76.59918,39.35922],[-76.59923,39.35873],[-76.59898,39.35841],[-76.59765,39.3576],[-76.59627,39.35619],[-76.59555,39.35704],[-76.59454,39.35914],[-76.59428,39.36021]]]}},{"type":"Feature","properties":{"name":"Hamilton","canopy":0.266,"heat":89.186,"income":87167,"pop":5981,"asthma":8.3,"poverty":0.23,"sites":396,"tes":60,"rankHeat":240,"rankCanopy":151,"bivHeat":3,"bivIncome":3,"canopyGap":0.134,"labelLng":-76.54777,"labelLat":39.34945},"geometry":{"type":"Polygon","coordinates":[[[-76.54486,39.3535],[-76.54733,39.35382],[-76.55771,39.35662],[-76.56158,39.35219],[-76.55996,39.35083],[-76.55761,39.34792],[-76.55592,39.34717],[-76.55468,39.34693],[-76.5515,39.34555],[-76.54909,39.34405],[-76.54813,39.34378],[-76.54689,39.34376],[-76.54675,39.34367],[-76.54653,39.3431],[-76.54556,39.34236],[-76.54124,39.3454],[-76.53474,39.35117],[-76.53712,39.35273],[-76.54006,39.35356],[-76.54486,39.3535]]]}},{"type":"Feature","properties":{"name":"Graceland Park","canopy":0.442,"heat":89.694,"income":51133,"pop":2156,"asthma":8.4,"poverty":0.055,"sites":378,"tes":53,"rankHeat":219,"rankCanopy":31,"bivHeat":0,"bivIncome":2,"canopyGap":0.0,"labelLng":-76.53198,"labelLat":39.27889},"geometry":{"type":"Polygon","coordinates":[[[-76.52979,39.26971],[-76.52978,39.28804],[-76.53351,39.28787],[-76.53411,39.28618],[-76.53439,39.28575],[-76.53557,39.28485],[-76.53688,39.28445],[-76.53684,39.28379],[-76.54064,39.28363],[-76.54051,39.28155],[-76.53765,39.28167],[-76.53759,39.28105],[-76.5372,39.28031],[-76.5371,39.27938],[-76.5368,39.27881],[-76.53618,39.27898],[-76.53426,39.27909],[-76.52979,39.26971]]]}},{"type":"Feature","properties":{"name":"Greektown","canopy":0.244,"heat":92.76,"income":80447,"pop":4757,"asthma":9.4,"poverty":0.12,"sites":265,"tes":99,"rankHeat":127,"rankCanopy":169,"bivHeat":4,"bivIncome":4,"canopyGap":0.156,"labelLng":-76.55346,"labelLat":39.28603},"geometry":{"type":"Polygon","coordinates":[[[-76.55458,39.28097],[-76.55471,39.28302],[-76.54947,39.28323],[-76.54765,39.28436],[-76.54671,39.28465],[-76.54765,39.28496],[-76.54835,39.28564],[-76.54845,39.2873],[-76.5558,39.28706],[-76.55611,39.29181],[-76.55726,39.29178],[-76.55873,39.28855],[-76.55821,39.28086],[-76.55458,39.28097]]]}},{"type":"Feature","properties":{"name":"Greenmount Cemetery","canopy":0.195,"heat":96.534,"income":69986,"pop":1976,"asthma":9.8,"poverty":0.173,"sites":20,"tes":99,"rankHeat":26,"rankCanopy":229,"bivHeat":8,"bivIncome":7,"canopyGap":0.205,"labelLng":-76.60654,"labelLat":39.30889},"geometry":{"type":"Polygon","coordinates":[[[-76.60416,39.3117],[-76.60946,39.31141],[-76.60929,39.30953],[-76.60845,39.30586],[-76.60376,39.30606],[-76.60416,39.3117]]]}},{"type":"Feature","properties":{"name":"Greenmount West","canopy":0.191,"heat":96.446,"income":72141,"pop":1748,"asthma":9.5,"poverty":0.159,"sites":27,"tes":68,"rankHeat":28,"rankCanopy":230,"bivHeat":8,"bivIncome":7,"canopyGap":0.209,"labelLng":-76.61165,"labelLat":39.30861},"geometry":{"type":"Polygon","coordinates":[[[-76.61495,39.31123],[-76.61486,39.30986],[-76.61428,39.30988],[-76.61415,39.30787],[-76.61356,39.30778],[-76.61345,39.30613],[-76.61207,39.3059],[-76.6121,39.3063],[-76.61039,39.30591],[-76.60846,39.30591],[-76.60929,39.30953],[-76.60946,39.31141],[-76.61495,39.31123]]]}},{"type":"Feature","properties":{"name":"Greenspring","canopy":0.436,"heat":92.813,"income":113096,"pop":2718,"asthma":10.4,"poverty":0.16,"sites":361,"tes":97,"rankHeat":125,"rankCanopy":35,"bivHeat":1,"bivIncome":0,"canopyGap":0.0,"labelLng":-76.65956,"labelLat":39.3366},"geometry":{"type":"Polygon","coordinates":[[[-76.66226,39.34068],[-76.66369,39.34096],[-76.66436,39.34077],[-76.66512,39.34033],[-76.66304,39.33794],[-76.66254,39.33541],[-76.66276,39.33484],[-76.66072,39.33204],[-76.65728,39.33363],[-76.6573,39.33394],[-76.65793,39.33512],[-76.65624,39.3355],[-76.65645,39.33747],[-76.65674,39.33806],[-76.65768,39.33896],[-76.65799,39.34015],[-76.65842,39.34077],[-76.66226,39.34068]]]}},{"type":"Feature","properties":{"name":"Grove Park","canopy":0.322,"heat":91.121,"income":47688,"pop":1776,"asthma":8.2,"poverty":0.091,"sites":157,"tes":54,"rankHeat":173,"rankCanopy":113,"bivHeat":4,"bivIncome":5,"canopyGap":0.078,"labelLng":-76.70307,"labelLat":39.34},"geometry":{"type":"Polygon","coordinates":[[[-76.70107,39.33726],[-76.69903,39.33885],[-76.69749,39.34054],[-76.6946,39.34289],[-76.69416,39.34342],[-76.69686,39.34565],[-76.70353,39.34429],[-76.705,39.34379],[-76.70628,39.34305],[-76.70705,39.34233],[-76.70763,39.34151],[-76.70804,39.34055],[-76.70871,39.33801],[-76.70991,39.33593],[-76.70536,39.33444],[-76.70518,39.33469],[-76.70107,39.33726]]]}},{"type":"Feature","properties":{"name":"Guilford","canopy":0.311,"heat":91.093,"income":102344,"pop":1990,"asthma":9.4,"poverty":0.256,"sites":61,"tes":90,"rankHeat":175,"rankCanopy":118,"bivHeat":4,"bivIncome":3,"canopyGap":0.089,"labelLng":-76.61392,"labelLat":39.3382},"geometry":{"type":"Polygon","coordinates":[[[-76.61123,39.34503],[-76.6203,39.3455],[-76.62639,39.34504],[-76.62569,39.344],[-76.62579,39.34349],[-76.62567,39.3429],[-76.62593,39.34227],[-76.62589,39.34157],[-76.62531,39.34159],[-76.62465,39.342],[-76.62414,39.34163],[-76.62347,39.3408],[-76.62315,39.34063],[-76.62283,39.34065],[-76.62198,39.34102],[-76.62137,39.34109],[-76.61851,39.33925],[-76.61835,39.33897],[-76.61795,39.33248],[-76.61631,39.33146],[-76.61507,39.33255],[-76.61397,39.33267],[-76.61343,39.33222],[-76.612,39.33148],[-76.61074,39.33107],[-76.60945,39.33093],[-76.60959,39.34431],[-76.61123,39.34503]]]}},{"type":"Feature","properties":{"name":"Gwynns Falls","canopy":0.215,"heat":89.663,"income":75498,"pop":952,"asthma":10.8,"poverty":0.073,"sites":108,"tes":63,"rankHeat":220,"rankCanopy":206,"bivHeat":6,"bivIncome":7,"canopyGap":0.185,"labelLng":-76.66659,"labelLat":39.27748},"geometry":{"type":"Polygon","coordinates":[[[-76.66088,39.28031],[-76.6625,39.2798],[-76.66395,39.27963],[-76.67228,39.28093],[-76.67163,39.27929],[-76.67151,39.27402],[-76.67054,39.27448],[-76.66949,39.27458],[-76.66816,39.2749],[-76.66193,39.27697],[-76.66098,39.27851],[-76.66082,39.27965],[-76.66088,39.28031]]]}},{"type":"Feature","properties":{"name":"Hampden","canopy":0.246,"heat":90.552,"income":66310,"pop":7346,"asthma":7.4,"poverty":0.17,"sites":240,"tes":82,"rankHeat":196,"rankCanopy":165,"bivHeat":3,"bivIncome":4,"canopyGap":0.154,"labelLng":-76.63444,"labelLat":39.32987},"geometry":{"type":"Polygon","coordinates":[[[-76.63287,39.33708],[-76.63667,39.33789],[-76.64449,39.33486],[-76.64307,39.33292],[-76.64208,39.33194],[-76.64183,39.33196],[-76.64132,39.33094],[-76.64031,39.32817],[-76.63973,39.32781],[-76.63862,39.32754],[-76.63778,39.32751],[-76.63625,39.32702],[-76.63413,39.32609],[-76.63348,39.32547],[-76.63189,39.32495],[-76.63137,39.32447],[-76.63118,39.32395],[-76.63087,39.32354],[-76.62994,39.32283],[-76.63013,39.32195],[-76.62963,39.32295],[-76.62798,39.3222],[-76.62775,39.32193],[-76.62752,39.322],[-76.62722,39.32229],[-76.6271,39.32307],[-76.62692,39.32346],[-76.62605,39.3239],[-76.62597,39.32431],[-76.62646,39.32499],[-76.62638,39.3256],[-76.6254,39.32625],[-76.62619,39.32711],[-76.62779,39.32707],[-76.62842,39.33721],[-76.63287,39.33708]]]}},{"type":"Feature","properties":{"name":"Hanlon-Longwood","canopy":0.452,"heat":93.84,"income":48309,"pop":2240,"asthma":8.4,"poverty":0.293,"sites":204,"tes":78,"rankHeat":84,"rankCanopy":28,"bivHeat":2,"bivIncome":2,"canopyGap":0.0,"labelLng":-76.66992,"labelLat":39.31903},"geometry":{"type":"Polygon","coordinates":[[[-76.66422,39.3203],[-76.66462,39.32125],[-76.66468,39.32219],[-76.67146,39.32418],[-76.673,39.32107],[-76.67302,39.32025],[-76.67838,39.32186],[-76.6786,39.32148],[-76.67767,39.32091],[-76.67693,39.31966],[-76.6768,39.31886],[-76.67693,39.31502],[-76.6765,39.31407],[-76.66316,39.31456],[-76.66156,39.31475],[-76.65977,39.3152],[-76.6605,39.31643],[-76.66422,39.3203]]]}},{"type":"Feature","properties":{"name":"Hamilton Hills","canopy":0.319,"heat":90.609,"income":107413,"pop":9649,"asthma":10.5,"poverty":0.124,"sites":373,"tes":85,"rankHeat":194,"rankCanopy":117,"bivHeat":3,"bivIncome":3,"canopyGap":0.081,"labelLng":-76.56578,"labelLat":39.36108},"geometry":{"type":"Polygon","coordinates":[[[-76.56332,39.35011],[-76.55782,39.3565],[-76.55808,39.35758],[-76.55854,39.36164],[-76.55855,39.36444],[-76.557,39.36794],[-76.55673,39.36825],[-76.55606,39.36865],[-76.55289,39.37021],[-76.5505,39.37095],[-76.54974,39.37143],[-76.54938,39.37199],[-76.57012,39.372],[-76.57248,39.36973],[-76.57363,39.36841],[-76.57392,39.36787],[-76.57402,39.36709],[-76.57347,39.3649],[-76.57314,39.36198],[-76.57308,39.36037],[-76.57319,39.35901],[-76.57349,39.35756],[-76.57394,39.35656],[-76.57454,39.35581],[-76.57572,39.35495],[-76.57353,39.35399],[-76.56723,39.35293],[-76.56633,39.35268],[-76.56527,39.35207],[-76.56332,39.35011]]]}},{"type":"Feature","properties":{"name":"Harlem Park","canopy":0.249,"heat":94.003,"income":82750,"pop":5139,"asthma":9.7,"poverty":0.147,"sites":77,"tes":53,"rankHeat":78,"rankCanopy":161,"bivHeat":5,"bivIncome":4,"canopyGap":0.151,"labelLng":-76.64005,"labelLat":39.296},"geometry":{"type":"Polygon","coordinates":[[[-76.6472,39.29293],[-76.63695,39.29324],[-76.63136,39.29345],[-76.6345,39.29918],[-76.64752,39.29873],[-76.6472,39.29293]]]}},{"type":"Feature","properties":{"name":"Heritage Crossing","canopy":0.162,"heat":94.219,"income":63646,"pop":1287,"asthma":9.8,"poverty":0.196,"sites":28,"tes":92,"rankHeat":76,"rankCanopy":244,"bivHeat":8,"bivIncome":7,"canopyGap":0.238,"labelLng":-76.62854,"labelLat":39.29658},"geometry":{"type":"Polygon","coordinates":[[[-76.6273,39.29558],[-76.62403,39.29835],[-76.6256,39.29961],[-76.62768,39.29791],[-76.62861,39.29867],[-76.63043,39.2971],[-76.63088,39.29695],[-76.6308,39.29544],[-76.63238,39.29537],[-76.63136,39.29345],[-76.62773,39.29359],[-76.62761,39.29496],[-76.6273,39.29558]]]}},{"type":"Feature","properties":{"name":"Herring Run Park","canopy":0.202,"heat":90.766,"income":103402,"pop":0,"asthma":10.7,"poverty":0.207,"sites":137,"tes":77,"rankHeat":189,"rankCanopy":223,"bivHeat":6,"bivIncome":6,"canopyGap":0.198,"labelLng":-76.57423,"labelLat":39.33092},"geometry":{"type":"Polygon","coordinates":[[[-76.56777,39.32815],[-76.56871,39.32945],[-76.56891,39.33012],[-76.57054,39.33195],[-76.57168,39.33273],[-76.57192,39.33306],[-76.57232,39.33379],[-76.5724,39.33487],[-76.57258,39.33525],[-76.57476,39.33702],[-76.57495,39.33571],[-76.57545,39.33495],[-76.57766,39.33281],[-76.57951,39.33139],[-76.56943,39.32486],[-76.56596,39.32773],[-76.56704,39.32854],[-76.56777,39.32815]]]}},{"type":"Feature","properties":{"name":"Hillen","canopy":0.409,"heat":93.053,"income":41037,"pop":2114,"asthma":9.4,"poverty":0.242,"sites":20,"tes":70,"rankHeat":112,"rankCanopy":54,"bivHeat":1,"bivIncome":2,"canopyGap":0.0,"labelLng":-76.59011,"labelLat":39.34188},"geometry":{"type":"Polygon","coordinates":[[[-76.58827,39.33905],[-76.58726,39.34197],[-76.58619,39.34578],[-76.59201,39.34604],[-76.59243,39.34335],[-76.59375,39.33967],[-76.59411,39.33769],[-76.59166,39.33795],[-76.5884,39.33774],[-76.58827,39.33905]]]}},{"type":"Feature","properties":{"name":"Holabird Industrial Park","canopy":0.471,"heat":91.78,"income":66671,"pop":27,"asthma":10.9,"poverty":0.065,"sites":371,"tes":93,"rankHeat":158,"rankCanopy":16,"bivHeat":1,"bivIncome":1,"canopyGap":0.0,"labelLng":-76.53559,"labelLat":39.26389},"geometry":{"type":"Polygon","coordinates":[[[-76.53948,39.26733],[-76.53934,39.26693],[-76.53783,39.26695],[-76.53611,39.2667],[-76.53417,39.26623],[-76.53305,39.26582],[-76.53247,39.26576],[-76.5329,39.26569],[-76.53569,39.26651],[-76.53739,39.26666],[-76.53936,39.26663],[-76.53991,39.26631],[-76.54005,39.26592],[-76.54006,39.26544],[-76.53976,39.26585],[-76.53965,39.26566],[-76.54,39.26425],[-76.53998,39.26383],[-76.53979,39.26344],[-76.53913,39.26275],[-76.5369,39.26101],[-76.53644,39.26091],[-76.53502,39.25942],[-76.53468,39.25808],[-76.53482,39.25774],[-76.53182,39.25658],[-76.5298,39.25526],[-76.5298,39.25757],[-76.53142,39.25746],[-76.53321,39.25976],[-76.53256,39.25984],[-76.5328,39.26221],[-76.53123,39.26231],[-76.53136,39.26388],[-76.52979,39.26398],[-76.52979,39.26971],[-76.53116,39.27253],[-76.54331,39.2721],[-76.54311,39.2693],[-76.54321,39.26757],[-76.54303,39.26422],[-76.54291,39.26277],[-76.54275,39.26231],[-76.5421,39.26144],[-76.54116,39.26073],[-76.53791,39.25902],[-76.53628,39.25831],[-76.53634,39.25876],[-76.53658,39.25914],[-76.5399,39.2617],[-76.54044,39.26234],[-76.54074,39.26296],[-76.54088,39.26375],[-76.54073,39.26468],[-76.54006,39.26646],[-76.53945,39.26695],[-76.53951,39.26709],[-76.54044,39.26712],[-76.53949,39.26712],[-76.53948,39.26733]]]}},{"type":"Feature","properties":{"name":"Hollins Market","canopy":0.172,"heat":94.37,"income":67567,"pop":1377,"asthma":9.8,"poverty":0.174,"sites":21,"tes":76,"rankHeat":73,"rankCanopy":241,"bivHeat":8,"bivIncome":7,"canopyGap":0.228,"labelLng":-76.63306,"labelLat":39.28724},"geometry":{"type":"Polygon","coordinates":[[[-76.62776,39.28901],[-76.63815,39.28856],[-76.63797,39.28558],[-76.62901,39.286],[-76.62906,39.28699],[-76.62805,39.28715],[-76.62805,39.28795],[-76.62776,39.28901]]]}},{"type":"Feature","properties":{"name":"Homeland","canopy":0.375,"heat":92.994,"income":114167,"pop":3186,"asthma":10.6,"poverty":0.167,"sites":101,"tes":88,"rankHeat":117,"rankCanopy":80,"bivHeat":1,"bivIncome":0,"canopyGap":0.025,"labelLng":-76.61994,"labelLat":39.35994},"geometry":{"type":"Polygon","coordinates":[[[-76.61735,39.36667],[-76.62544,39.36604],[-76.62496,39.36216],[-76.62744,39.36195],[-76.62707,39.36104],[-76.62714,39.36082],[-76.62852,39.36009],[-76.6289,39.35967],[-76.62896,39.35932],[-76.62464,39.35951],[-76.62424,39.3565],[-76.62351,39.35323],[-76.60986,39.35436],[-76.60993,39.35834],[-76.61356,39.36322],[-76.6159,39.36472],[-76.61658,39.36545],[-76.61735,39.36667]]]}},{"type":"Feature","properties":{"name":"Hopkins Bayview","canopy":0.304,"heat":89.821,"income":105721,"pop":112,"asthma":9.1,"poverty":0.106,"sites":290,"tes":94,"rankHeat":215,"rankCanopy":125,"bivHeat":3,"bivIncome":3,"canopyGap":0.096,"labelLng":-76.54517,"labelLat":39.29154},"geometry":{"type":"Polygon","coordinates":[[[-76.5372,39.29043],[-76.5371,39.29084],[-76.53673,39.29141],[-76.53453,39.29384],[-76.53354,39.29475],[-76.53272,39.29531],[-76.53283,39.29552],[-76.53699,39.2962],[-76.54776,39.29575],[-76.54841,39.29553],[-76.54894,39.29514],[-76.55107,39.29231],[-76.55196,39.29194],[-76.55362,39.29184],[-76.55384,39.29103],[-76.55362,39.28712],[-76.54658,39.28734],[-76.54668,39.28883],[-76.54572,39.28893],[-76.54575,39.28946],[-76.54482,39.28949],[-76.54482,39.2905],[-76.54151,39.29064],[-76.54002,39.29047],[-76.5372,39.29043]]]}},{"type":"Feature","properties":{"name":"Howard Park","canopy":0.348,"heat":93.233,"income":53175,"pop":5057,"asthma":10.6,"poverty":0.151,"sites":108,"tes":68,"rankHeat":107,"rankCanopy":97,"bivHeat":4,"bivIncome":5,"canopyGap":0.052,"labelLng":-76.70133,"labelLat":39.3299},"geometry":{"type":"Polygon","coordinates":[[[-76.69167,39.33663],[-76.69338,39.33663],[-76.69764,39.34038],[-76.69903,39.33885],[-76.70107,39.33726],[-76.70518,39.33469],[-76.70536,39.33444],[-76.71124,39.33643],[-76.71122,39.32138],[-76.71097,39.32034],[-76.71043,39.32041],[-76.70959,39.32094],[-76.70731,39.32169],[-76.70628,39.32174],[-76.70534,39.32159],[-76.70393,39.321],[-76.7031,39.3203],[-76.70227,39.31933],[-76.69992,39.32032],[-76.69651,39.32656],[-76.69359,39.32565],[-76.68935,39.33401],[-76.68935,39.3356],[-76.69167,39.33561],[-76.69167,39.33663]]]}},{"type":"Feature","properties":{"name":"Hunting Ridge","canopy":0.381,"heat":89.802,"income":91491,"pop":1326,"asthma":9.0,"poverty":0.214,"sites":131,"tes":67,"rankHeat":216,"rankCanopy":73,"bivHeat":0,"bivIncome":0,"canopyGap":0.019,"labelLng":-76.69812,"labelLat":39.2971},"geometry":{"type":"Polygon","coordinates":[[[-76.69459,39.30081],[-76.69449,39.30138],[-76.69474,39.30188],[-76.6958,39.30149],[-76.69693,39.30136],[-76.69808,39.30067],[-76.69952,39.3007],[-76.70103,39.30008],[-76.70131,39.29977],[-76.70143,39.29901],[-76.70103,39.29814],[-76.70109,39.29786],[-76.7022,39.29702],[-76.70351,39.29571],[-76.70501,39.2948],[-76.70194,39.29259],[-76.70181,39.29248],[-76.70207,39.29244],[-76.70202,39.29231],[-76.69597,39.29321],[-76.69389,39.29331],[-76.69415,39.29734],[-76.69238,39.29894],[-76.69459,39.30081]]]}},{"type":"Feature","properties":{"name":"Idlewood","canopy":0.278,"heat":92.043,"income":82343,"pop":2495,"asthma":7.6,"poverty":0.213,"sites":330,"tes":68,"rankHeat":146,"rankCanopy":143,"bivHeat":4,"bivIncome":4,"canopyGap":0.122,"labelLng":-76.58855,"labelLat":39.36903},"geometry":{"type":"Polygon","coordinates":[[[-76.59333,39.367],[-76.58698,39.36608],[-76.58547,39.36605],[-76.58201,39.372],[-76.5949,39.37201],[-76.59468,39.37136],[-76.59301,39.36843],[-76.59333,39.367]]]}},{"type":"Feature","properties":{"name":"Irvington","canopy":0.457,"heat":89.214,"income":74463,"pop":3743,"asthma":7.3,"poverty":0.163,"sites":125,"tes":96,"rankHeat":239,"rankCanopy":25,"bivHeat":0,"bivIncome":1,"canopyGap":0.0,"labelLng":-76.67989,"labelLat":39.27813},"geometry":{"type":"Polygon","coordinates":[[[-76.68577,39.28674],[-76.68889,39.28817],[-76.6888,39.28662],[-76.69059,39.28655],[-76.69184,39.28528],[-76.69196,39.28492],[-76.6925,39.28508],[-76.69354,39.28619],[-76.69389,39.28581],[-76.69368,39.28446],[-76.6936,39.28429],[-76.69316,39.28443],[-76.69272,39.28351],[-76.69246,39.28147],[-76.69368,39.28143],[-76.69454,39.28006],[-76.69373,39.27945],[-76.69295,39.27914],[-76.69279,39.27888],[-76.6925,39.27873],[-76.69108,39.27845],[-76.69032,39.27849],[-76.68848,39.27786],[-76.68813,39.27797],[-76.68791,39.27833],[-76.68749,39.27853],[-76.68626,39.27833],[-76.68344,39.27643],[-76.68493,39.27537],[-76.68545,39.27529],[-76.68663,39.27543],[-76.68815,39.27459],[-76.68859,39.27408],[-76.68877,39.2734],[-76.68931,39.27253],[-76.68928,39.2724],[-76.68947,39.27228],[-76.68946,39.27212],[-76.6909,39.2719],[-76.69269,39.27183],[-76.69179,39.26939],[-76.6888,39.2681],[-76.67919,39.27136],[-76.67584,39.27554],[-76.67217,39.28051],[-76.67229,39.28081],[-76.67221,39.2811],[-76.67598,39.28304],[-76.67852,39.28375],[-76.68162,39.28427],[-76.68577,39.28674]]]}},{"type":"Feature","properties":{"name":"Johns Hopkins Homewood","canopy":0.368,"heat":93.21,"income":83365,"pop":761,"asthma":7.2,"poverty":0.176,"sites":252,"tes":72,"rankHeat":108,"rankCanopy":87,"bivHeat":1,"bivIncome":1,"canopyGap":0.032,"labelLng":-76.62171,"labelLat":39.32978},"geometry":{"type":"Polygon","coordinates":[[[-76.61796,39.33267],[-76.62383,39.33647],[-76.62397,39.33477],[-76.62315,39.3338],[-76.62318,39.3336],[-76.62379,39.33311],[-76.62422,39.33216],[-76.62452,39.33179],[-76.6257,39.33145],[-76.62597,39.331],[-76.62593,39.33059],[-76.62558,39.33013],[-76.62518,39.32867],[-76.62496,39.3283],[-76.62516,39.32689],[-76.62505,39.32659],[-76.6254,39.32625],[-76.62501,39.32575],[-76.62337,39.32652],[-76.62308,39.32641],[-76.6222,39.32545],[-76.62127,39.325],[-76.62118,39.3245],[-76.62008,39.32309],[-76.61753,39.32319],[-76.61812,39.33232],[-76.61807,39.33258],[-76.61795,39.33248],[-76.61796,39.33267]]]}},{"type":"Feature","properties":{"name":"Johnston Square","canopy":0.147,"heat":96.658,"income":65370,"pop":2578,"asthma":10.0,"poverty":0.193,"sites":32,"tes":62,"rankHeat":20,"rankCanopy":251,"bivHeat":8,"bivIncome":7,"canopyGap":0.253,"labelLng":-76.60542,"labelLat":39.30375},"geometry":{"type":"Polygon","coordinates":[[[-76.6114,39.30311],[-76.61129,39.30121],[-76.59936,39.3017],[-76.59951,39.3041],[-76.60357,39.30393],[-76.6037,39.30606],[-76.60845,39.30586],[-76.61039,39.30591],[-76.6121,39.3063],[-76.61207,39.3059],[-76.61155,39.30551],[-76.61128,39.30495],[-76.6114,39.30311]]]}},{"type":"Feature","properties":{"name":"Jonestown","canopy":0.174,"heat":96.367,"income":70060,"pop":1963,"asthma":9.8,"poverty":0.168,"sites":26,"tes":56,"rankHeat":30,"rankCanopy":238,"bivHeat":8,"bivIncome":7,"canopyGap":0.226,"labelLng":-76.60303,"labelLat":39.29085},"geometry":{"type":"Polygon","coordinates":[[[-76.60303,39.29161],[-76.60386,39.29334],[-76.60552,39.29474],[-76.60613,39.29471],[-76.60817,39.29317],[-76.60869,39.29255],[-76.60759,39.29186],[-76.60653,39.29091],[-76.60549,39.28949],[-76.60394,39.28703],[-76.59942,39.28872],[-76.59969,39.29253],[-76.60303,39.29161]]]}},{"type":"Feature","properties":{"name":"Kenilworth Park","canopy":0.264,"heat":90.408,"income":105838,"pop":1166,"asthma":10.1,"poverty":0.059,"sites":108,"tes":89,"rankHeat":198,"rankCanopy":154,"bivHeat":3,"bivIncome":3,"canopyGap":0.136,"labelLng":-76.60101,"labelLat":39.34986},"geometry":{"type":"Polygon","coordinates":[[[-76.60312,39.3496],[-76.60358,39.34965],[-76.60419,39.34557],[-76.5997,39.34514],[-76.59825,39.35415],[-76.60231,39.35469],[-76.60312,39.3496]]]}},{"type":"Feature","properties":{"name":"Kernewood","canopy":0.209,"heat":88.455,"income":100938,"pop":454,"asthma":8.6,"poverty":0.13,"sites":65,"tes":76,"rankHeat":265,"rankCanopy":215,"bivHeat":6,"bivIncome":6,"canopyGap":0.191,"labelLng":-76.61337,"labelLat":39.34623},"geometry":{"type":"Polygon","coordinates":[[[-76.61191,39.34807],[-76.61727,39.34814],[-76.61711,39.34531],[-76.61123,39.34503],[-76.60952,39.34435],[-76.60963,39.34721],[-76.61173,39.34719],[-76.6119,39.3474],[-76.61191,39.34807]]]}},{"type":"Feature","properties":{"name":"Kresson","canopy":0.382,"heat":92.022,"income":47694,"pop":476,"asthma":7.7,"poverty":0.159,"sites":162,"tes":93,"rankHeat":148,"rankCanopy":70,"bivHeat":1,"bivIncome":2,"canopyGap":0.018,"labelLng":-76.5588,"labelLat":39.29573},"geometry":{"type":"Polygon","coordinates":[[[-76.56308,39.29706],[-76.56266,39.29044],[-76.55979,39.2906],[-76.55988,39.29172],[-76.55726,39.29178],[-76.55609,39.29427],[-76.55538,39.29511],[-76.55447,39.29582],[-76.55334,39.29639],[-76.55188,39.29683],[-76.55016,39.29707],[-76.54797,39.29994],[-76.54932,39.30022],[-76.55051,39.30095],[-76.55486,39.29964],[-76.55969,39.29801],[-76.56308,39.29706]]]}},{"type":"Feature","properties":{"name":"Lake Evesham","canopy":0.429,"heat":89.12,"income":62994,"pop":540,"asthma":8.5,"poverty":0.265,"sites":159,"tes":54,"rankHeat":242,"rankCanopy":40,"bivHeat":0,"bivIncome":2,"canopyGap":0.0,"labelLng":-76.61356,"labelLat":39.3665},"geometry":{"type":"Polygon","coordinates":[[[-76.60992,39.36514],[-76.60988,39.36695],[-76.61086,39.36703],[-76.61494,39.36799],[-76.61806,39.36821],[-76.61787,39.36751],[-76.61678,39.36574],[-76.61575,39.36462],[-76.61345,39.36505],[-76.60992,39.36514]]]}},{"type":"Feature","properties":{"name":"Lake Walker","canopy":0.346,"heat":90.175,"income":65739,"pop":1944,"asthma":9.0,"poverty":0.23,"sites":391,"tes":80,"rankHeat":206,"rankCanopy":98,"bivHeat":3,"bivIncome":4,"canopyGap":0.054,"labelLng":-76.60457,"labelLat":39.36943},"geometry":{"type":"Polygon","coordinates":[[[-76.6005,39.36712],[-76.59954,39.36692],[-76.59946,39.36709],[-76.59983,39.36723],[-76.60023,39.36792],[-76.60027,39.3684],[-76.60009,39.36866],[-76.60024,39.36897],[-76.60002,39.36877],[-76.59927,39.36948],[-76.59912,39.36978],[-76.59842,39.3701],[-76.59812,39.37047],[-76.59745,39.37087],[-76.5972,39.37132],[-76.59726,39.37162],[-76.59714,39.37189],[-76.59746,39.37201],[-76.60977,39.37201],[-76.60988,39.36695],[-76.60353,39.36688],[-76.60152,39.36713],[-76.6005,39.36712]]]}},{"type":"Feature","properties":{"name":"Lakeland","canopy":0.327,"heat":92.333,"income":72919,"pop":4848,"asthma":9.6,"poverty":0.092,"sites":279,"tes":78,"rankHeat":140,"rankCanopy":109,"bivHeat":4,"bivIncome":4,"canopyGap":0.073,"labelLng":-76.64782,"labelLat":39.25449},"geometry":{"type":"Polygon","coordinates":[[[-76.64437,39.24878],[-76.63755,39.25393],[-76.6406,39.25757],[-76.64176,39.25845],[-76.64331,39.25936],[-76.64467,39.25983],[-76.6461,39.26015],[-76.64989,39.26037],[-76.65199,39.25881],[-76.65649,39.25721],[-76.65969,39.25591],[-76.66012,39.25559],[-76.64437,39.24878]]]}},{"type":"Feature","properties":{"name":"Langston Hughes","canopy":0.475,"heat":88.116,"income":98148,"pop":741,"asthma":8.9,"poverty":0.236,"sites":149,"tes":56,"rankHeat":274,"rankCanopy":14,"bivHeat":0,"bivIncome":0,"canopyGap":0.0,"labelLng":-76.68016,"labelLat":39.34391},"geometry":{"type":"Polygon","coordinates":[[[-76.68063,39.34591],[-76.6835,39.34292],[-76.6823,39.34213],[-76.68109,39.34171],[-76.68043,39.3417],[-76.6785,39.34223],[-76.67772,39.34213],[-76.67718,39.34338],[-76.68019,39.34621],[-76.68063,39.34591]]]}},{"type":"Feature","properties":{"name":"Lauraville","canopy":0.378,"heat":90.531,"income":64922,"pop":3759,"asthma":7.1,"poverty":0.181,"sites":98,"tes":96,"rankHeat":197,"rankCanopy":76,"bivHeat":0,"bivIncome":1,"canopyGap":0.022,"labelLng":-76.57205,"labelLat":39.34547},"geometry":{"type":"Polygon","coordinates":[[[-76.56633,39.35268],[-76.57305,39.3539],[-76.57451,39.35251],[-76.57581,39.35266],[-76.57722,39.3526],[-76.57772,39.35242],[-76.57781,39.35214],[-76.57722,39.35102],[-76.57714,39.35023],[-76.57723,39.34996],[-76.57749,39.3498],[-76.57802,39.34979],[-76.57866,39.3503],[-76.5791,39.35046],[-76.57952,39.35043],[-76.57711,39.34886],[-76.57706,39.34797],[-76.57629,39.34731],[-76.57667,39.34684],[-76.57701,39.34595],[-76.57693,39.34542],[-76.579,39.34517],[-76.58085,39.34528],[-76.5807,39.34452],[-76.58095,39.3443],[-76.58118,39.34372],[-76.58113,39.34401],[-76.58143,39.34334],[-76.58174,39.34198],[-76.58172,39.3416],[-76.58126,39.34148],[-76.58059,39.34166],[-76.57965,39.34173],[-76.57898,39.34145],[-76.57871,39.34118],[-76.57821,39.34005],[-76.57677,39.33933],[-76.5764,39.33899],[-76.57645,39.33884],[-76.57702,39.33864],[-76.57476,39.33702],[-76.57402,39.33814],[-76.571,39.34152],[-76.56867,39.3432],[-76.56681,39.34598],[-76.56332,39.35011],[-76.56546,39.35222],[-76.56633,39.35268]]]}},{"type":"Feature","properties":{"name":"Levindale","canopy":0.425,"heat":88.522,"income":64798,"pop":1077,"asthma":8.0,"poverty":0.221,"sites":149,"tes":79,"rankHeat":260,"rankCanopy":46,"bivHeat":0,"bivIncome":1,"canopyGap":0.0,"labelLng":-76.66385,"labelLat":39.35353},"geometry":{"type":"Polygon","coordinates":[[[-76.66218,39.35503],[-76.66499,39.35575],[-76.66823,39.35621],[-76.66814,39.35504],[-76.66746,39.35278],[-76.66982,39.35231],[-76.66937,39.35055],[-76.66093,39.35082],[-76.65961,39.35104],[-76.65987,39.35295],[-76.6605,39.35516],[-76.66218,39.35503]]]}},{"type":"Feature","properties":{"name":"Liberty Square","canopy":0.308,"heat":89.331,"income":75238,"pop":804,"asthma":8.0,"poverty":0.097,"sites":63,"tes":98,"rankHeat":233,"rankCanopy":120,"bivHeat":3,"bivIncome":4,"canopyGap":0.092,"labelLng":-76.65941,"labelLat":39.32196},"geometry":{"type":"Polygon","coordinates":[[[-76.66383,39.32192],[-76.65328,39.3186],[-76.65249,39.31857],[-76.65758,39.32539],[-76.65818,39.32484],[-76.66046,39.3238],[-76.66292,39.32288],[-76.66348,39.32247],[-76.66383,39.32192]]]}},{"type":"Feature","properties":{"name":"Little Italy","canopy":0.214,"heat":95.548,"income":75214,"pop":595,"asthma":9.6,"poverty":0.168,"sites":15,"tes":88,"rankHeat":56,"rankCanopy":208,"bivHeat":8,"bivIncome":7,"canopyGap":0.186,"labelLng":-76.60103,"labelLat":39.28664},"geometry":{"type":"Polygon","coordinates":[[[-76.59934,39.28741],[-76.59942,39.28872],[-76.60394,39.28703],[-76.60276,39.28517],[-76.60037,39.28527],[-76.60034,39.28489],[-76.59916,39.28495],[-76.59918,39.28533],[-76.59832,39.28537],[-76.59836,39.2864],[-76.59843,39.2874],[-76.59934,39.28741]]]}},{"type":"Feature","properties":{"name":"Loch Raven","canopy":0.219,"heat":93.631,"income":76288,"pop":5611,"asthma":8.1,"poverty":0.243,"sites":329,"tes":50,"rankHeat":94,"rankCanopy":202,"bivHeat":7,"bivIncome":7,"canopyGap":0.181,"labelLng":-76.58256,"labelLat":39.36321},"geometry":{"type":"Polygon","coordinates":[[[-76.58562,39.3659],[-76.58954,39.35744],[-76.58965,39.35662],[-76.58956,39.35542],[-76.58195,39.35559],[-76.5811,39.35541],[-76.57893,39.35455],[-76.57829,39.35443],[-76.57733,39.35446],[-76.57628,39.35463],[-76.57454,39.35581],[-76.57385,39.35673],[-76.57344,39.35777],[-76.57366,39.35797],[-76.57372,39.35854],[-76.57438,39.35874],[-76.57543,39.35956],[-76.57568,39.36024],[-76.57619,39.36043],[-76.57685,39.3612],[-76.57797,39.36188],[-76.57837,39.36232],[-76.57828,39.36332],[-76.57858,39.36407],[-76.57926,39.36489],[-76.57887,39.36527],[-76.5789,39.3656],[-76.57948,39.36654],[-76.58024,39.36742],[-76.57818,39.36797],[-76.57906,39.372],[-76.58201,39.372],[-76.58562,39.3659]]]}},{"type":"Feature","properties":{"name":"Lower Herring Run Park","canopy":0.209,"heat":92.552,"income":52837,"pop":0,"asthma":8.9,"poverty":0.181,"sites":80,"tes":66,"rankHeat":133,"rankCanopy":216,"bivHeat":7,"bivIncome":8,"canopyGap":0.191,"labelLng":-76.55831,"labelLat":39.3212},"geometry":{"type":"Polygon","coordinates":[[[-76.55567,39.3175],[-76.55384,39.31865],[-76.55466,39.31946],[-76.5555,39.32089],[-76.55653,39.32194],[-76.55756,39.32257],[-76.55917,39.32309],[-76.55988,39.32351],[-76.56116,39.32394],[-76.56221,39.32495],[-76.56353,39.32413],[-76.56173,39.32266],[-76.56113,39.32186],[-76.56063,39.32057],[-76.56008,39.32033],[-76.55896,39.32029],[-76.55829,39.31998],[-76.55567,39.3175]]]}},{"type":"Feature","properties":{"name":"Loyola/Notre Dame","canopy":0.291,"heat":90.842,"income":78714,"pop":3158,"asthma":9.2,"poverty":0.27,"sites":397,"tes":85,"rankHeat":185,"rankCanopy":135,"bivHeat":4,"bivIncome":4,"canopyGap":0.109,"labelLng":-76.61909,"labelLat":39.34943},"geometry":{"type":"Polygon","coordinates":[[[-76.61587,39.35151],[-76.61617,39.3527],[-76.61588,39.35379],[-76.62351,39.35323],[-76.62285,39.34958],[-76.62371,39.34931],[-76.62495,39.34809],[-76.62564,39.34802],[-76.62595,39.3481],[-76.62649,39.34857],[-76.62725,39.35053],[-76.62737,39.35221],[-76.62766,39.35352],[-76.62959,39.35337],[-76.62898,39.35214],[-76.62902,39.35147],[-76.6288,39.35087],[-76.62844,39.35053],[-76.62861,39.35037],[-76.6281,39.34873],[-76.62781,39.34838],[-76.62783,39.34805],[-76.62743,39.34762],[-76.62746,39.34728],[-76.62693,39.34694],[-76.62684,39.34649],[-76.62693,39.3463],[-76.62639,39.34504],[-76.6203,39.3455],[-76.61711,39.34531],[-76.61727,39.34814],[-76.61497,39.34807],[-76.61486,39.34933],[-76.61468,39.34933],[-76.61468,39.34973],[-76.6146,39.34974],[-76.61461,39.35083],[-76.61425,39.35086],[-76.6143,39.35157],[-76.61587,39.35151]]]}},{"type":"Feature","properties":{"name":"Madison Park","canopy":0.131,"heat":96.017,"income":58768,"pop":2933,"asthma":9.9,"poverty":0.191,"sites":44,"tes":93,"rankHeat":42,"rankCanopy":264,"bivHeat":8,"bivIncome":8,"canopyGap":0.269,"labelLng":-76.62867,"labelLat":39.30474},"geometry":{"type":"Polygon","coordinates":[[[-76.62076,39.30434],[-76.62247,39.30423],[-76.62368,39.30398],[-76.62441,39.3037],[-76.62509,39.30317],[-76.62554,39.30366],[-76.63327,39.31001],[-76.63404,39.31047],[-76.6357,39.31035],[-76.63574,39.31022],[-76.63494,39.30959],[-76.63466,39.30955],[-76.63485,39.30935],[-76.63464,39.30933],[-76.63379,39.30864],[-76.6346,39.30804],[-76.6278,39.30257],[-76.62702,39.30313],[-76.62407,39.30074],[-76.62483,39.30017],[-76.62336,39.29898],[-76.62256,39.29982],[-76.62034,39.30163],[-76.62031,39.302],[-76.62076,39.30434]]]}},{"type":"Feature","properties":{"name":"Madison-Eastend","canopy":0.223,"heat":95.995,"income":71556,"pop":525,"asthma":10.0,"poverty":0.148,"sites":10,"tes":69,"rankHeat":44,"rankCanopy":198,"bivHeat":8,"bivIncome":7,"canopyGap":0.177,"labelLng":-76.57687,"labelLat":39.30085},"geometry":{"type":"Polygon","coordinates":[[[-76.58088,39.2989],[-76.57265,39.29922],[-76.57282,39.30273],[-76.58111,39.30244],[-76.58088,39.2989]]]}},{"type":"Feature","properties":{"name":"Mayfield","canopy":0.431,"heat":93.767,"income":46301,"pop":858,"asthma":8.7,"poverty":0.199,"sites":184,"tes":76,"rankHeat":86,"rankCanopy":38,"bivHeat":2,"bivIncome":2,"canopyGap":0.0,"labelLng":-76.57939,"labelLat":39.3286},"geometry":{"type":"Polygon","coordinates":[[[-76.57899,39.33175],[-76.57957,39.33228],[-76.58049,39.33169],[-76.58181,39.33132],[-76.58284,39.33038],[-76.58464,39.32933],[-76.58327,39.32838],[-76.58367,39.32799],[-76.57895,39.32494],[-76.57515,39.32858],[-76.57951,39.33139],[-76.57899,39.33175]]]}},{"type":"Feature","properties":{"name":"McElderry Park","canopy":0.153,"heat":97.816,"income":59359,"pop":1999,"asthma":10.1,"poverty":0.222,"sites":22,"tes":91,"rankHeat":7,"rankCanopy":250,"bivHeat":8,"bivIncome":8,"canopyGap":0.247,"labelLng":-76.58075,"labelLat":39.29676},"geometry":{"type":"Polygon","coordinates":[[[-76.58493,39.29552],[-76.5821,39.29563],[-76.58202,39.29443],[-76.57635,39.29463],[-76.57665,39.2991],[-76.58513,39.29872],[-76.58493,39.29552]]]}},{"type":"Feature","properties":{"name":"Medfield","canopy":0.263,"heat":93.794,"income":104696,"pop":2791,"asthma":8.2,"poverty":0.058,"sites":242,"tes":86,"rankHeat":85,"rankCanopy":156,"bivHeat":5,"bivIncome":3,"canopyGap":0.137,"labelLng":-76.64327,"labelLat":39.34011},"geometry":{"type":"Polygon","coordinates":[[[-76.63837,39.33908],[-76.63949,39.34105],[-76.64028,39.34338],[-76.6423,39.34475],[-76.64327,39.34519],[-76.64472,39.34541],[-76.64701,39.34525],[-76.64755,39.3399],[-76.64751,39.33924],[-76.64732,39.33864],[-76.64449,39.33486],[-76.63737,39.33764],[-76.63837,39.33908]]]}},{"type":"Feature","properties":{"name":"Medford","canopy":0.208,"heat":90.92,"income":86564,"pop":1284,"asthma":10.9,"poverty":0.128,"sites":191,"tes":98,"rankHeat":181,"rankCanopy":218,"bivHeat":7,"bivIncome":6,"canopyGap":0.192,"labelLng":-76.54736,"labelLat":39.27869},"geometry":{"type":"Polygon","coordinates":[[[-76.54325,39.28145],[-76.55067,39.2812],[-76.55145,39.27919],[-76.55208,39.27613],[-76.54365,39.27647],[-76.54363,39.27626],[-76.54301,39.27628],[-76.54325,39.28145]]]}},{"type":"Feature","properties":{"name":"Mid-Govans","canopy":0.339,"heat":88.724,"income":49849,"pop":1302,"asthma":8.6,"poverty":0.131,"sites":292,"tes":66,"rankHeat":249,"rankCanopy":103,"bivHeat":3,"bivIncome":5,"canopyGap":0.061,"labelLng":-76.60573,"labelLat":39.35732},"geometry":{"type":"Polygon","coordinates":[[[-76.60184,39.35862],[-76.60327,39.3597],[-76.60402,39.35995],[-76.60721,39.35981],[-76.60844,39.35945],[-76.60993,39.35858],[-76.60989,39.35549],[-76.60317,39.35478],[-76.60287,39.35578],[-76.60187,39.35663],[-76.60159,39.35706],[-76.60158,39.35803],[-76.60184,39.35862]]]}},{"type":"Feature","properties":{"name":"Mid-Town Belvedere","canopy":0.129,"heat":96.367,"income":60604,"pop":3001,"asthma":10.0,"poverty":0.196,"sites":71,"tes":74,"rankHeat":31,"rankCanopy":265,"bivHeat":8,"bivIncome":8,"canopyGap":0.271,"labelLng":-76.61602,"labelLat":39.30438},"geometry":{"type":"Polygon","coordinates":[[[-76.61424,39.30611],[-76.61531,39.3064],[-76.62015,39.30924],[-76.62086,39.30776],[-76.62102,39.3071],[-76.62075,39.30421],[-76.62016,39.30112],[-76.61745,39.2996],[-76.61717,39.29959],[-76.61647,39.29962],[-76.6166,39.30098],[-76.61129,39.30121],[-76.6114,39.30295],[-76.61126,39.30462],[-76.61137,39.30522],[-76.6118,39.30573],[-76.61238,39.30601],[-76.61424,39.30611]]]}},{"type":"Feature","properties":{"name":"Middle East","canopy":0.129,"heat":98.057,"income":58173,"pop":3364,"asthma":10.2,"poverty":0.205,"sites":50,"tes":77,"rankHeat":5,"rankCanopy":266,"bivHeat":8,"bivIncome":8,"canopyGap":0.271,"labelLng":-76.58983,"labelLat":39.30166},"geometry":{"type":"Polygon","coordinates":[[[-76.58513,39.29872],[-76.58549,39.30465],[-76.59452,39.30429],[-76.59413,39.29838],[-76.58513,39.29872]]]}},{"type":"Feature","properties":{"name":"Midtown-Edmondson","canopy":0.284,"heat":94.02,"income":88768,"pop":1469,"asthma":9.7,"poverty":0.132,"sites":20,"tes":63,"rankHeat":77,"rankCanopy":138,"bivHeat":5,"bivIncome":3,"canopyGap":0.116,"labelLng":-76.65042,"labelLat":39.29748},"geometry":{"type":"Polygon","coordinates":[[[-76.64772,39.30231],[-76.64948,39.3016],[-76.64938,39.30134],[-76.64925,39.29867],[-76.65345,39.29853],[-76.65317,39.29359],[-76.65627,39.29347],[-76.65626,39.29333],[-76.65475,39.29335],[-76.65192,39.29276],[-76.6472,39.29293],[-76.64772,39.30231]]]}},{"type":"Feature","properties":{"name":"Milton-Montford","canopy":0.142,"heat":97.747,"income":64009,"pop":970,"asthma":10.3,"poverty":0.21,"sites":16,"tes":72,"rankHeat":8,"rankCanopy":257,"bivHeat":8,"bivIncome":7,"canopyGap":0.258,"labelLng":-76.58312,"labelLat":39.30065},"geometry":{"type":"Polygon","coordinates":[[[-76.58535,39.3023],[-76.58513,39.29872],[-76.58088,39.2989],[-76.58111,39.30244],[-76.58535,39.3023]]]}},{"type":"Feature","properties":{"name":"Mondawmin","canopy":0.395,"heat":91.342,"income":100407,"pop":2900,"asthma":8.1,"poverty":0.144,"sites":153,"tes":95,"rankHeat":167,"rankCanopy":59,"bivHeat":1,"bivIncome":0,"canopyGap":0.005,"labelLng":-76.6537,"labelLat":39.31437},"geometry":{"type":"Polygon","coordinates":[[[-76.65249,39.31857],[-76.65314,39.31856],[-76.65579,39.31941],[-76.65767,39.31869],[-76.65837,39.31815],[-76.65928,39.31717],[-76.65942,39.31668],[-76.65891,39.3155],[-76.65977,39.3152],[-76.65963,39.31446],[-76.65965,39.31364],[-76.65996,39.30938],[-76.64636,39.30989],[-76.64654,39.31288],[-76.64627,39.31315],[-76.65132,39.31736],[-76.65249,39.31857]]]}},{"type":"Feature","properties":{"name":"Montebello","canopy":0.384,"heat":89.727,"income":42950,"pop":48,"asthma":9.1,"poverty":0.288,"sites":230,"tes":83,"rankHeat":217,"rankCanopy":68,"bivHeat":0,"bivIncome":2,"canopyGap":0.016,"labelLng":-76.58276,"labelLat":39.3337},"geometry":{"type":"Polygon","coordinates":[[[-76.58924,39.3283],[-76.58883,39.32828],[-76.58854,39.3281],[-76.58804,39.32751],[-76.58777,39.32737],[-76.58525,39.32731],[-76.58446,39.32698],[-76.58327,39.32838],[-76.58463,39.32937],[-76.58284,39.33038],[-76.58181,39.33132],[-76.58049,39.33169],[-76.57957,39.33228],[-76.57899,39.33175],[-76.57873,39.33193],[-76.57741,39.33303],[-76.57536,39.33507],[-76.57495,39.33571],[-76.57476,39.33702],[-76.57781,39.33921],[-76.57898,39.33981],[-76.58023,39.34019],[-76.5832,39.34046],[-76.58419,39.34034],[-76.58593,39.33989],[-76.58802,39.33998],[-76.5883,39.33887],[-76.58923,39.32984],[-76.58924,39.3283]]]}},{"type":"Feature","properties":{"name":"Morgan State University","canopy":0.327,"heat":88.461,"income":49312,"pop":1589,"asthma":10.0,"poverty":0.129,"sites":77,"tes":62,"rankHeat":264,"rankCanopy":110,"bivHeat":3,"bivIncome":5,"canopyGap":0.073,"labelLng":-76.58357,"labelLat":39.34679},"geometry":{"type":"Polygon","coordinates":[[[-76.57457,39.3525],[-76.57305,39.3539],[-76.57353,39.35399],[-76.57572,39.35495],[-76.57876,39.35312],[-76.58513,39.3482],[-76.58574,39.34736],[-76.58716,39.34227],[-76.58802,39.33998],[-76.58593,39.33989],[-76.58341,39.34045],[-76.58116,39.34035],[-76.57898,39.33981],[-76.57781,39.33921],[-76.57702,39.33864],[-76.57641,39.33886],[-76.57641,39.33899],[-76.57676,39.33933],[-76.57821,39.34005],[-76.57871,39.34118],[-76.57928,39.34164],[-76.58002,39.34174],[-76.58126,39.34148],[-76.58172,39.3416],[-76.58174,39.34198],[-76.58143,39.34334],[-76.58113,39.34401],[-76.58118,39.34372],[-76.58095,39.3443],[-76.5807,39.34452],[-76.58079,39.34513],[-76.58112,39.34596],[-76.5811,39.34648],[-76.5813,39.34691],[-76.58105,39.34777],[-76.5813,39.34827],[-76.58188,39.34854],[-76.58194,39.34884],[-76.58144,39.3494],[-76.58033,39.34974],[-76.57945,39.35046],[-76.57866,39.3503],[-76.57802,39.34979],[-76.57749,39.3498],[-76.57725,39.34994],[-76.57714,39.35022],[-76.57722,39.35102],[-76.57783,39.35222],[-76.57758,39.35251],[-76.57579,39.35266],[-76.57457,39.3525]]]}},{"type":"Feature","properties":{"name":"Morrell Park","canopy":0.469,"heat":89.833,"income":54152,"pop":3970,"asthma":8.5,"poverty":0.228,"sites":131,"tes":71,"rankHeat":213,"rankCanopy":18,"bivHeat":0,"bivIncome":2,"canopyGap":0.0,"labelLng":-76.6561,"labelLat":39.26339},"geometry":{"type":"Polygon","coordinates":[[[-76.65232,39.27138],[-76.65428,39.27118],[-76.65544,39.27082],[-76.66717,39.26564],[-76.66502,39.26048],[-76.66445,39.25748],[-76.66012,39.25559],[-76.65969,39.25591],[-76.65649,39.25721],[-76.65199,39.25881],[-76.64412,39.26486],[-76.64517,39.26574],[-76.6455,39.26751],[-76.64841,39.27021],[-76.6478,39.27087],[-76.64893,39.27086],[-76.65232,39.27138]]]}},{"type":"Feature","properties":{"name":"Mosher","canopy":0.43,"heat":92.092,"income":68449,"pop":1103,"asthma":10.5,"poverty":0.068,"sites":83,"tes":75,"rankHeat":145,"rankCanopy":39,"bivHeat":1,"bivIncome":1,"canopyGap":0.0,"labelLng":-76.66232,"labelLat":39.2975},"geometry":{"type":"Polygon","coordinates":[[[-76.66492,39.29442],[-76.65939,39.29462],[-76.6596,39.29843],[-76.65981,39.29894],[-76.66068,39.29989],[-76.66081,39.30043],[-76.66524,39.30026],[-76.66492,39.29442]]]}},{"type":"Feature","properties":{"name":"Mount Clare","canopy":0.176,"heat":96.46,"income":65500,"pop":1945,"asthma":9.8,"poverty":0.182,"sites":40,"tes":66,"rankHeat":27,"rankCanopy":236,"bivHeat":8,"bivIncome":7,"canopyGap":0.224,"labelLng":-76.64134,"labelLat":39.28264},"geometry":{"type":"Polygon","coordinates":[[[-76.64468,39.27964],[-76.63773,39.28246],[-76.63797,39.28558],[-76.64503,39.28524],[-76.64468,39.27964]]]}},{"type":"Feature","properties":{"name":"Mount Vernon","canopy":0.117,"heat":96.616,"income":58038,"pop":3109,"asthma":10.3,"poverty":0.211,"sites":63,"tes":70,"rankHeat":23,"rankCanopy":273,"bivHeat":8,"bivIncome":8,"canopyGap":0.283,"labelLng":-76.61626,"labelLat":39.29805},"geometry":{"type":"Polygon","coordinates":[[[-76.61647,39.29962],[-76.61745,39.2996],[-76.62016,39.30112],[-76.62031,39.30175],[-76.62049,39.30143],[-76.62152,39.30065],[-76.62127,39.29489],[-76.6145,39.29515],[-76.61321,39.29453],[-76.61063,39.29459],[-76.61093,39.29633],[-76.61129,39.30121],[-76.6166,39.30098],[-76.61647,39.29962]]]}},{"type":"Feature","properties":{"name":"Mount Washington","canopy":0.376,"heat":89.641,"income":88554,"pop":4090,"asthma":9.1,"poverty":0.242,"sites":299,"tes":59,"rankHeat":221,"rankCanopy":78,"bivHeat":0,"bivIncome":0,"canopyGap":0.024,"labelLng":-76.66219,"labelLat":39.3634},"geometry":{"type":"Polygon","coordinates":[[[-76.65075,39.36755],[-76.65182,39.36961],[-76.65283,39.372],[-76.6662,39.37199],[-76.66644,39.37178],[-76.66641,39.37109],[-76.66575,39.3704],[-76.66607,39.36999],[-76.66602,39.36919],[-76.66541,39.36797],[-76.66531,39.36742],[-76.6644,39.36701],[-76.66434,39.36662],[-76.6661,39.36691],[-76.66859,39.36677],[-76.66942,39.36634],[-76.67046,39.36537],[-76.6731,39.36423],[-76.67386,39.36381],[-76.67517,39.36275],[-76.67606,39.36237],[-76.67889,39.36145],[-76.67944,39.3615],[-76.68038,39.36183],[-76.68162,39.362],[-76.68165,39.36148],[-76.68119,39.3607],[-76.67817,39.35747],[-76.67759,39.3571],[-76.6769,39.35612],[-76.67518,39.35688],[-76.67436,39.35705],[-76.67375,39.35704],[-76.66499,39.35575],[-76.66218,39.35503],[-76.6606,39.35513],[-76.65472,39.35755],[-76.65406,39.35801],[-76.65315,39.35922],[-76.6525,39.35982],[-76.65173,39.36022],[-76.65024,39.36062],[-76.64999,39.36262],[-76.65001,39.36373],[-76.65018,39.36564],[-76.65075,39.36755]]]}},{"type":"Feature","properties":{"name":"Mount Winans","canopy":0.307,"heat":91.064,"income":98200,"pop":725,"asthma":8.3,"poverty":0.126,"sites":194,"tes":55,"rankHeat":177,"rankCanopy":121,"bivHeat":4,"bivIncome":3,"canopyGap":0.093,"labelLng":-76.64462,"labelLat":39.26214},"geometry":{"type":"Polygon","coordinates":[[[-76.64328,39.2594],[-76.64191,39.26123],[-76.64164,39.26221],[-76.64242,39.26349],[-76.64412,39.26486],[-76.64989,39.26037],[-76.64639,39.26019],[-76.64328,39.2594]]]}},{"type":"Feature","properties":{"name":"New Northwood","canopy":0.418,"heat":92.826,"income":60910,"pop":4517,"asthma":8.7,"poverty":0.18,"sites":359,"tes":89,"rankHeat":124,"rankCanopy":49,"bivHeat":1,"bivIncome":2,"canopyGap":0.0,"labelLng":-76.59546,"labelLat":39.34812},"geometry":{"type":"Polygon","coordinates":[[[-76.59168,39.34823],[-76.58968,39.35427],[-76.58956,39.35542],[-76.59051,39.35517],[-76.59192,39.35443],[-76.5928,39.35418],[-76.59661,39.35398],[-76.59825,39.35415],[-76.59984,39.34423],[-76.59983,39.34374],[-76.59959,39.34381],[-76.59918,39.34294],[-76.59775,39.34336],[-76.59815,39.34422],[-76.59713,39.34453],[-76.59706,39.34488],[-76.59588,39.34499],[-76.59533,39.34356],[-76.59486,39.34314],[-76.59406,39.34282],[-76.59475,39.34099],[-76.59339,39.34067],[-76.59243,39.34335],[-76.59168,39.34823]]]}},{"type":"Feature","properties":{"name":"North Harford Road","canopy":0.462,"heat":90.356,"income":67869,"pop":5069,"asthma":8.4,"poverty":0.099,"sites":353,"tes":94,"rankHeat":200,"rankCanopy":24,"bivHeat":0,"bivIncome":1,"canopyGap":0.0,"labelLng":-76.54835,"labelLat":39.36491},"geometry":{"type":"Polygon","coordinates":[[[-76.53789,39.36955],[-76.54036,39.37199],[-76.54938,39.37199],[-76.54974,39.37143],[-76.5505,39.37095],[-76.55265,39.37031],[-76.55673,39.36825],[-76.557,39.36794],[-76.55817,39.36543],[-76.55118,39.36316],[-76.5381,39.3584],[-76.53814,39.35827],[-76.53724,39.35769],[-76.53655,39.35821],[-76.53743,39.35824],[-76.53755,39.3619],[-76.53776,39.36408],[-76.54095,39.36519],[-76.54049,39.36589],[-76.5382,39.36852],[-76.53789,39.36955]]]}},{"type":"Feature","properties":{"name":"North Roland Park/Poplar Hill","canopy":0.294,"heat":88.067,"income":51612,"pop":1367,"asthma":10.8,"poverty":0.065,"sites":41,"tes":85,"rankHeat":277,"rankCanopy":133,"bivHeat":3,"bivIncome":5,"canopyGap":0.106,"labelLng":-76.63974,"labelLat":39.36671},"geometry":{"type":"Polygon","coordinates":[[[-76.63378,39.36976],[-76.63348,39.3709],[-76.63292,39.37106],[-76.63289,39.37176],[-76.63275,39.37201],[-76.64977,39.372],[-76.64846,39.36836],[-76.64819,39.3672],[-76.6478,39.36656],[-76.64762,39.36548],[-76.64623,39.36143],[-76.64473,39.36191],[-76.64026,39.36242],[-76.6359,39.36231],[-76.62988,39.36186],[-76.62961,39.36269],[-76.62924,39.36306],[-76.62906,39.36348],[-76.62829,39.36409],[-76.62846,39.36467],[-76.62795,39.36584],[-76.62851,39.36538],[-76.62898,39.36522],[-76.63067,39.36548],[-76.63166,39.36549],[-76.63156,39.36872],[-76.63281,39.36878],[-76.63411,39.3693],[-76.63378,39.36976]]]}},{"type":"Feature","properties":{"name":"Northwest Community Action","canopy":0.434,"heat":92.489,"income":66673,"pop":1378,"asthma":9.6,"poverty":0.12,"sites":160,"tes":92,"rankHeat":136,"rankCanopy":37,"bivHeat":1,"bivIncome":1,"canopyGap":0.0,"labelLng":-76.66537,"labelLat":39.30633},"geometry":{"type":"Polygon","coordinates":[[[-76.66308,39.30606],[-76.66386,39.30924],[-76.67092,39.30894],[-76.67091,39.30874],[-76.66885,39.3075],[-76.66752,39.30626],[-76.66624,39.30347],[-76.66372,39.3036],[-76.66354,39.30346],[-76.66072,39.30429],[-76.66088,39.30613],[-76.66308,39.30606]]]}},{"type":"Feature","properties":{"name":"Oakenshawe","canopy":0.382,"heat":90.811,"income":94958,"pop":971,"asthma":10.0,"poverty":0.283,"sites":178,"tes":88,"rankHeat":186,"rankCanopy":71,"bivHeat":1,"bivIncome":0,"canopyGap":0.018,"labelLng":-76.61202,"labelLat":39.3305},"geometry":{"type":"Polygon","coordinates":[[[-76.61361,39.32989],[-76.61354,39.32832],[-76.60944,39.32849],[-76.60945,39.33093],[-76.61074,39.33107],[-76.612,39.33148],[-76.61343,39.33222],[-76.61397,39.33267],[-76.61507,39.33255],[-76.61631,39.33146],[-76.61361,39.32989]]]}},{"type":"Feature","properties":{"name":"Oldtown","canopy":0.156,"heat":96.62,"income":61384,"pop":2362,"asthma":9.8,"poverty":0.204,"sites":49,"tes":74,"rankHeat":22,"rankCanopy":247,"bivHeat":8,"bivIncome":8,"canopyGap":0.244,"labelLng":-76.60276,"labelLat":39.2982},"geometry":{"type":"Polygon","coordinates":[[[-76.59913,39.29818],[-76.59936,39.3017],[-76.60634,39.30139],[-76.60601,39.30044],[-76.60602,39.30013],[-76.6062,39.29897],[-76.60659,39.29895],[-76.60622,39.29746],[-76.60553,39.29685],[-76.60745,39.29546],[-76.6066,39.2947],[-76.59984,39.29493],[-76.60008,39.29814],[-76.59913,39.29818]]]}},{"type":"Feature","properties":{"name":"Oliver","canopy":0.175,"heat":97.242,"income":66968,"pop":3941,"asthma":9.9,"poverty":0.186,"sites":72,"tes":61,"rankHeat":11,"rankCanopy":237,"bivHeat":8,"bivIncome":7,"canopyGap":0.225,"labelLng":-76.59931,"labelLat":39.30809},"geometry":{"type":"Polygon","coordinates":[[[-76.59452,39.30429],[-76.595,39.31214],[-76.6041,39.3117],[-76.60357,39.30393],[-76.59452,39.30429]]]}},{"type":"Feature","properties":{"name":"Orangeville","canopy":0.341,"heat":90.639,"income":87927,"pop":200,"asthma":9.5,"poverty":0.104,"sites":292,"tes":71,"rankHeat":193,"rankCanopy":102,"bivHeat":3,"bivIncome":3,"canopyGap":0.059,"labelLng":-76.55861,"labelLat":39.30227},"geometry":{"type":"Polygon","coordinates":[[[-76.56779,39.29628],[-76.56369,39.2969],[-76.56193,39.29734],[-76.55051,39.30095],[-76.56137,39.30828],[-76.56159,39.30821],[-76.5651,39.30619],[-76.56459,39.30051],[-76.56359,39.30021],[-76.56329,39.29983],[-76.56328,39.29961],[-76.56723,39.29943],[-76.56707,39.29738],[-76.56796,39.29722],[-76.56779,39.29628]]]}},{"type":"Feature","properties":{"name":"Original Northwood","canopy":0.436,"heat":88.094,"income":101584,"pop":1155,"asthma":9.2,"poverty":0.156,"sites":326,"tes":57,"rankHeat":276,"rankCanopy":36,"bivHeat":0,"bivIncome":0,"canopyGap":0.0,"labelLng":-76.59698,"labelLat":39.33951},"geometry":{"type":"Polygon","coordinates":[[[-76.60019,39.34007],[-76.59995,39.33876],[-76.59912,39.33755],[-76.59613,39.33497],[-76.59542,39.334],[-76.59495,39.33433],[-76.59424,39.33584],[-76.59399,39.33868],[-76.59339,39.34067],[-76.59475,39.34099],[-76.59406,39.34282],[-76.59486,39.34314],[-76.59533,39.34356],[-76.59588,39.34499],[-76.59706,39.34488],[-76.59713,39.34453],[-76.59815,39.34422],[-76.59775,39.34336],[-76.59918,39.34294],[-76.59959,39.34381],[-76.59983,39.34374],[-76.60019,39.34007]]]}},{"type":"Feature","properties":{"name":"Overlea","canopy":0.466,"heat":88.319,"income":49094,"pop":797,"asthma":10.4,"poverty":0.222,"sites":254,"tes":99,"rankHeat":267,"rankCanopy":19,"bivHeat":0,"bivIncome":2,"canopyGap":0.0,"labelLng":-76.53365,"labelLat":39.36227},"geometry":{"type":"Polygon","coordinates":[[[-76.52978,39.35554],[-76.52968,39.36376],[-76.53339,39.36512],[-76.53389,39.36557],[-76.53454,39.36656],[-76.53592,39.3675],[-76.53789,39.36955],[-76.5382,39.36852],[-76.54049,39.36589],[-76.54095,39.36519],[-76.53776,39.36408],[-76.53755,39.3619],[-76.53743,39.35824],[-76.53655,39.35821],[-76.53724,39.35769],[-76.53632,39.35725],[-76.52978,39.35554]]]}},{"type":"Feature","properties":{"name":"Panway/Braddish Avenue","canopy":0.302,"heat":92.854,"income":43071,"pop":1280,"asthma":10.6,"poverty":0.209,"sites":340,"tes":95,"rankHeat":122,"rankCanopy":127,"bivHeat":4,"bivIncome":5,"canopyGap":0.098,"labelLng":-76.66286,"labelLat":39.31214},"geometry":{"type":"Polygon","coordinates":[[[-76.65965,39.31469],[-76.65977,39.3152],[-76.66256,39.31461],[-76.66611,39.31444],[-76.66591,39.31129],[-76.66132,39.31146],[-76.66118,39.30934],[-76.65996,39.30938],[-76.65965,39.31469]]]}},{"type":"Feature","properties":{"name":"Park Circle","canopy":0.369,"heat":91.786,"income":114395,"pop":2437,"asthma":8.2,"poverty":0.136,"sites":26,"tes":98,"rankHeat":157,"rankCanopy":85,"bivHeat":1,"bivIncome":0,"canopyGap":0.031,"labelLng":-76.66009,"labelLat":39.32863},"geometry":{"type":"Polygon","coordinates":[[[-76.654,39.33025],[-76.6559,39.33334],[-76.65592,39.33455],[-76.65624,39.3355],[-76.65793,39.33512],[-76.6573,39.33394],[-76.65734,39.33356],[-76.66072,39.33204],[-76.66167,39.33336],[-76.66545,39.33153],[-76.6643,39.32752],[-76.66414,39.32645],[-76.66468,39.32219],[-76.66383,39.32192],[-76.66358,39.32236],[-76.66315,39.32275],[-76.65818,39.32484],[-76.65694,39.32593],[-76.65627,39.32694],[-76.65529,39.32921],[-76.654,39.33025]]]}},{"type":"Feature","properties":{"name":"Parklane","canopy":0.4,"heat":90.58,"income":48888,"pop":1796,"asthma":9.4,"poverty":0.256,"sites":343,"tes":55,"rankHeat":195,"rankCanopy":56,"bivHeat":0,"bivIncome":2,"canopyGap":0.0,"labelLng":-76.66206,"labelLat":39.34272},"geometry":{"type":"Polygon","coordinates":[[[-76.65884,39.34438],[-76.66191,39.34428],[-76.6619,39.34508],[-76.66425,39.34504],[-76.66424,39.34421],[-76.66676,39.34414],[-76.66776,39.34388],[-76.66617,39.34161],[-76.66512,39.34033],[-76.66436,39.34077],[-76.66369,39.34096],[-76.66211,39.34066],[-76.65823,39.34078],[-76.65796,39.34137],[-76.65725,39.34219],[-76.65715,39.34263],[-76.65756,39.34333],[-76.65884,39.34438]]]}},{"type":"Feature","properties":{"name":"Patterson Park","canopy":0.109,"heat":98.369,"income":52451,"pop":3266,"asthma":10.1,"poverty":0.23,"sites":67,"tes":65,"rankHeat":3,"rankCanopy":275,"bivHeat":8,"bivIncome":8,"canopyGap":0.291,"labelLng":-76.57882,"labelLat":39.28909},"geometry":{"type":"Polygon","coordinates":[[[-76.57604,39.28994],[-76.57618,39.29222],[-76.58471,39.29189],[-76.58431,39.28595],[-76.57295,39.2864],[-76.57318,39.29004],[-76.57604,39.28994]]]}},{"type":"Feature","properties":{"name":"Patterson Place","canopy":0.081,"heat":98.617,"income":48361,"pop":562,"asthma":10.1,"poverty":0.216,"sites":7,"tes":55,"rankHeat":2,"rankCanopy":279,"bivHeat":8,"bivIncome":8,"canopyGap":0.319,"labelLng":-76.58339,"labelLat":39.29372},"geometry":{"type":"Polygon","coordinates":[[[-76.5821,39.29563],[-76.58493,39.29552],[-76.58471,39.29189],[-76.58188,39.292],[-76.5821,39.29563]]]}},{"type":"Feature","properties":{"name":"Pen Lucy","canopy":0.302,"heat":91.463,"income":50401,"pop":2741,"asthma":8.9,"poverty":0.053,"sites":47,"tes":84,"rankHeat":164,"rankCanopy":128,"bivHeat":4,"bivIncome":5,"canopyGap":0.098,"labelLng":-76.6052,"labelLat":39.33986},"geometry":{"type":"Polygon","coordinates":[[[-76.60756,39.33629],[-76.60647,39.33606],[-76.60275,39.33786],[-76.60221,39.33829],[-76.60187,39.33901],[-76.60144,39.33952],[-76.60058,39.33999],[-76.60019,39.34007],[-76.59983,39.34374],[-76.60698,39.34173],[-76.60778,39.34111],[-76.60958,39.34103],[-76.60951,39.33637],[-76.60756,39.33629]]]}},{"type":"Feature","properties":{"name":"Penn North","canopy":0.395,"heat":93.087,"income":51107,"pop":1613,"asthma":10.9,"poverty":0.062,"sites":333,"tes":72,"rankHeat":111,"rankCanopy":60,"bivHeat":1,"bivIncome":2,"canopyGap":0.005,"labelLng":-76.64263,"labelLat":39.31219},"geometry":{"type":"Polygon","coordinates":[[[-76.64357,39.31575],[-76.64654,39.31288],[-76.64636,39.30989],[-76.64369,39.31001],[-76.64362,39.30954],[-76.64255,39.30866],[-76.64162,39.30932],[-76.64251,39.31006],[-76.63697,39.3103],[-76.64105,39.31452],[-76.6435,39.31594],[-76.64357,39.31575]]]}},{"type":"Feature","properties":{"name":"Penrose/Fayette Street Outreach","canopy":0.247,"heat":95.028,"income":84287,"pop":476,"asthma":9.8,"poverty":0.121,"sites":12,"tes":50,"rankHeat":64,"rankCanopy":163,"bivHeat":5,"bivIncome":3,"canopyGap":0.153,"labelLng":-76.65691,"labelLat":39.29082},"geometry":{"type":"Polygon","coordinates":[[[-76.65627,39.29347],[-76.66245,39.29321],[-76.66332,39.29447],[-76.67012,39.29419],[-76.66956,39.29328],[-76.66887,39.29293],[-76.66844,39.29249],[-76.66786,39.29224],[-76.66746,39.29189],[-76.66663,39.29064],[-76.66533,39.28817],[-76.66428,39.28719],[-76.66002,39.28951],[-76.65975,39.28895],[-76.65768,39.29007],[-76.65718,39.29022],[-76.65574,39.29027],[-76.65557,39.28778],[-76.64694,39.28816],[-76.6472,39.29293],[-76.65192,39.29276],[-76.65475,39.29335],[-76.65626,39.29333],[-76.65627,39.29347]]]}},{"type":"Feature","properties":{"name":"Perkins","canopy":0.199,"heat":96.275,"income":74350,"pop":564,"asthma":10.3,"poverty":0.184,"sites":11,"tes":96,"rankHeat":37,"rankCanopy":227,"bivHeat":8,"bivIncome":7,"canopyGap":0.201,"labelLng":-76.59656,"labelLat":39.28793},"geometry":{"type":"Polygon","coordinates":[[[-76.59836,39.2864],[-76.59455,39.28657],[-76.59475,39.2892],[-76.59855,39.28903],[-76.59836,39.2864]]]}},{"type":"Feature","properties":{"name":"Perring Loch","canopy":0.343,"heat":89.641,"income":75514,"pop":2752,"asthma":10.8,"poverty":0.108,"sites":191,"tes":51,"rankHeat":222,"rankCanopy":101,"bivHeat":3,"bivIncome":4,"canopyGap":0.057,"labelLng":-76.58523,"labelLat":39.35214},"geometry":{"type":"Polygon","coordinates":[[[-76.58455,39.34864],[-76.57876,39.35312],[-76.57628,39.35463],[-76.57756,39.35443],[-76.57846,39.35445],[-76.57919,39.35462],[-76.5811,39.35541],[-76.58195,39.35559],[-76.58956,39.35542],[-76.58968,39.35427],[-76.59067,39.35137],[-76.59007,39.35127],[-76.58918,39.35041],[-76.58798,39.3499],[-76.58716,39.34932],[-76.58455,39.34864]]]}},{"type":"Feature","properties":{"name":"Poppleton","canopy":0.202,"heat":93.694,"income":70513,"pop":2777,"asthma":10.0,"poverty":0.184,"sites":48,"tes":61,"rankHeat":91,"rankCanopy":224,"bivHeat":8,"bivIncome":7,"canopyGap":0.198,"labelLng":-76.63287,"labelLat":39.29107},"geometry":{"type":"Polygon","coordinates":[[[-76.63815,39.28856],[-76.62776,39.28901],[-76.62744,39.29092],[-76.62773,39.29359],[-76.63837,39.29319],[-76.63815,39.28856]]]}},{"type":"Feature","properties":{"name":"Pulaski Industrial Area","canopy":0.465,"heat":90.876,"income":47901,"pop":171,"asthma":10.3,"poverty":0.262,"sites":151,"tes":99,"rankHeat":182,"rankCanopy":21,"bivHeat":1,"bivIncome":2,"canopyGap":0.0,"labelLng":-76.53891,"labelLat":39.30178},"geometry":{"type":"Polygon","coordinates":[[[-76.52977,39.29278],[-76.52973,39.32259],[-76.53847,39.31399],[-76.53959,39.31491],[-76.54053,39.31541],[-76.54348,39.31615],[-76.54406,39.3161],[-76.54636,39.31543],[-76.54697,39.31548],[-76.54818,39.31629],[-76.54917,39.3157],[-76.54934,39.31497],[-76.54969,39.31423],[-76.54961,39.31372],[-76.54973,39.31369],[-76.54955,39.31354],[-76.54957,39.31379],[-76.54944,39.31353],[-76.55049,39.31253],[-76.55088,39.31176],[-76.5509,39.3114],[-76.54979,39.31129],[-76.54903,39.31137],[-76.54873,39.31119],[-76.54816,39.31125],[-76.54786,39.31115],[-76.54704,39.30971],[-76.54576,39.309],[-76.54434,39.30847],[-76.54389,39.30792],[-76.54374,39.30748],[-76.54288,39.30712],[-76.54397,39.30525],[-76.54611,39.30236],[-76.55051,39.30095],[-76.54932,39.30022],[-76.54797,39.29994],[-76.55016,39.29707],[-76.55188,39.29683],[-76.55392,39.29612],[-76.55503,39.29541],[-76.55609,39.29427],[-76.55726,39.29178],[-76.55611,39.29181],[-76.5558,39.28706],[-76.55362,39.28712],[-76.55384,39.29103],[-76.55362,39.29184],[-76.55196,39.29194],[-76.55107,39.29231],[-76.54894,39.29514],[-76.54825,39.2956],[-76.54732,39.29581],[-76.53699,39.2962],[-76.53351,39.29559],[-76.53305,39.29562],[-76.53272,39.29531],[-76.53354,39.29475],[-76.53453,39.29384],[-76.53673,39.29141],[-76.5371,39.29084],[-76.53724,39.29001],[-76.5371,39.28775],[-76.54845,39.2873],[-76.54835,39.28564],[-76.54765,39.28496],[-76.54671,39.28465],[-76.54765,39.28436],[-76.54947,39.28323],[-76.55471,39.28302],[-76.55458,39.28101],[-76.54051,39.28155],[-76.54064,39.28363],[-76.53684,39.28379],[-76.53688,39.28445],[-76.53557,39.28485],[-76.53439,39.28575],[-76.53411,39.28618],[-76.53351,39.28787],[-76.53144,39.28796],[-76.53163,39.29092],[-76.53156,39.29136],[-76.53105,39.29205],[-76.52977,39.29278]]]}},{"type":"Feature","properties":{"name":"Radnor-Winston","canopy":0.218,"heat":90.64,"income":110813,"pop":552,"asthma":7.5,"poverty":0.141,"sites":70,"tes":55,"rankHeat":192,"rankCanopy":203,"bivHeat":6,"bivIncome":6,"canopyGap":0.182,"labelLng":-76.61218,"labelLat":39.34955},"geometry":{"type":"Polygon","coordinates":[[[-76.60963,39.34721],[-76.60976,39.35194],[-76.6143,39.35157],[-76.61425,39.35086],[-76.61461,39.35083],[-76.6146,39.34974],[-76.61468,39.34973],[-76.61468,39.34933],[-76.61486,39.34933],[-76.61497,39.34813],[-76.61191,39.34807],[-76.6119,39.3474],[-76.61173,39.34719],[-76.60963,39.34721]]]}},{"type":"Feature","properties":{"name":"Ramblewood","canopy":0.418,"heat":93.698,"income":88161,"pop":1670,"asthma":10.5,"poverty":0.25,"sites":364,"tes":90,"rankHeat":90,"rankCanopy":50,"bivHeat":2,"bivIncome":0,"canopyGap":0.0,"labelLng":-76.59038,"labelLat":39.36326},"geometry":{"type":"Polygon","coordinates":[[[-76.58698,39.36608],[-76.59333,39.367],[-76.59365,39.36549],[-76.59422,39.36072],[-76.5917,39.36076],[-76.58848,39.35979],[-76.58547,39.36605],[-76.58698,39.36608]]]}},{"type":"Feature","properties":{"name":"Remington","canopy":0.225,"heat":96.363,"income":75473,"pop":1942,"asthma":9.9,"poverty":0.161,"sites":31,"tes":81,"rankHeat":32,"rankCanopy":195,"bivHeat":8,"bivIncome":7,"canopyGap":0.175,"labelLng":-76.62274,"labelLat":39.31977},"geometry":{"type":"Polygon","coordinates":[[[-76.62008,39.32309],[-76.62118,39.3245],[-76.62127,39.325],[-76.6222,39.32545],[-76.62308,39.32641],[-76.62337,39.32652],[-76.62501,39.32575],[-76.6254,39.32625],[-76.62639,39.32558],[-76.62646,39.32499],[-76.62597,39.32431],[-76.62605,39.3239],[-76.62692,39.32346],[-76.6271,39.32307],[-76.62722,39.32229],[-76.62743,39.32204],[-76.62775,39.32193],[-76.62528,39.31944],[-76.6232,39.31694],[-76.62389,39.31621],[-76.62399,39.31551],[-76.62369,39.31461],[-76.6218,39.31302],[-76.61944,39.31311],[-76.62008,39.32309]]]}},{"type":"Feature","properties":{"name":"Reservoir Hill","canopy":0.141,"heat":97.119,"income":59336,"pop":1876,"asthma":10.1,"poverty":0.208,"sites":38,"tes":54,"rankHeat":14,"rankCanopy":258,"bivHeat":8,"bivIncome":8,"canopyGap":0.259,"labelLng":-76.63347,"labelLat":39.31374},"geometry":{"type":"Polygon","coordinates":[[[-76.62863,39.31595],[-76.62926,39.31717],[-76.62987,39.31691],[-76.63064,39.31681],[-76.6326,39.31687],[-76.63262,39.31699],[-76.63392,39.31709],[-76.63691,39.317],[-76.63842,39.31644],[-76.63941,39.31592],[-76.64027,39.31567],[-76.64268,39.31566],[-76.6435,39.31594],[-76.64105,39.31452],[-76.63697,39.3103],[-76.62311,39.31097],[-76.62433,39.31165],[-76.6254,39.31243],[-76.62863,39.31595]]]}},{"type":"Feature","properties":{"name":"Richnor Springs","canopy":0.32,"heat":93.0,"income":56280,"pop":652,"asthma":8.2,"poverty":0.178,"sites":347,"tes":91,"rankHeat":116,"rankCanopy":115,"bivHeat":4,"bivIncome":5,"canopyGap":0.08,"labelLng":-76.6068,"labelLat":39.34687},"geometry":{"type":"Polygon","coordinates":[[[-76.60561,39.34748],[-76.60965,39.34792],[-76.6096,39.34616],[-76.60804,39.34614],[-76.60592,39.34592],[-76.60419,39.34557],[-76.60396,39.34704],[-76.60561,39.34748]]]}},{"type":"Feature","properties":{"name":"Ridgely's Delight","canopy":0.118,"heat":95.26,"income":57181,"pop":703,"asthma":10.1,"poverty":0.198,"sites":14,"tes":99,"rankHeat":60,"rankCanopy":272,"bivHeat":8,"bivIncome":8,"canopyGap":0.282,"labelLng":-76.62482,"labelLat":39.28364},"geometry":{"type":"Polygon","coordinates":[[[-76.62332,39.28126],[-76.62351,39.28621],[-76.62754,39.28604],[-76.62539,39.28226],[-76.62452,39.28163],[-76.62332,39.28126]]]}},{"type":"Feature","properties":{"name":"Rognel Heights","canopy":0.232,"heat":88.109,"income":101948,"pop":1535,"asthma":7.3,"poverty":0.11,"sites":180,"tes":67,"rankHeat":275,"rankCanopy":183,"bivHeat":3,"bivIncome":3,"canopyGap":0.168,"labelLng":-76.69011,"labelLat":39.29676},"geometry":{"type":"Polygon","coordinates":[[[-76.68624,39.29923],[-76.68931,39.29916],[-76.69081,39.30011],[-76.69157,39.30011],[-76.69221,39.29961],[-76.69238,39.29894],[-76.69415,39.29734],[-76.69389,39.29331],[-76.68593,39.29358],[-76.68624,39.29923]]]}},{"type":"Feature","properties":{"name":"Roland Park","canopy":0.29,"heat":91.892,"income":62157,"pop":4895,"asthma":9.4,"poverty":0.224,"sites":295,"tes":68,"rankHeat":151,"rankCanopy":136,"bivHeat":4,"bivIncome":5,"canopyGap":0.11,"labelLng":-76.63507,"labelLat":39.34884},"geometry":{"type":"Polygon","coordinates":[[[-76.6348,39.36222],[-76.64114,39.36237],[-76.64501,39.36186],[-76.64623,39.36143],[-76.6432,39.35278],[-76.64022,39.34321],[-76.63942,39.34295],[-76.63853,39.34288],[-76.63776,39.34302],[-76.63635,39.34352],[-76.63435,39.33843],[-76.63406,39.33739],[-76.63275,39.33707],[-76.62842,39.33721],[-76.62829,39.33529],[-76.62591,39.33539],[-76.62579,39.33578],[-76.6251,39.33616],[-76.62448,39.33689],[-76.62383,39.33647],[-76.62377,39.33691],[-76.6242,39.33763],[-76.62575,39.33923],[-76.62574,39.34102],[-76.62589,39.34157],[-76.62662,39.34152],[-76.62698,39.34135],[-76.62682,39.34246],[-76.62979,39.34278],[-76.62971,39.3437],[-76.63029,39.34376],[-76.63094,39.34372],[-76.6308,39.34183],[-76.63455,39.34194],[-76.6347,39.34186],[-76.63512,39.34261],[-76.63543,39.34403],[-76.63449,39.34424],[-76.63099,39.34457],[-76.63131,39.34867],[-76.62796,39.34855],[-76.62861,39.35037],[-76.62845,39.35056],[-76.62878,39.35082],[-76.62902,39.35147],[-76.62898,39.35214],[-76.62959,39.35337],[-76.63388,39.35303],[-76.63403,39.35312],[-76.63484,39.3562],[-76.63523,39.35864],[-76.63522,39.36027],[-76.6348,39.36222]]]}},{"type":"Feature","properties":{"name":"Rosebank","canopy":0.215,"heat":92.594,"income":44681,"pop":403,"asthma":10.4,"poverty":0.262,"sites":28,"tes":76,"rankHeat":132,"rankCanopy":207,"bivHeat":7,"bivIncome":8,"canopyGap":0.185,"labelLng":-76.61122,"labelLat":39.36174},"geometry":{"type":"Polygon","coordinates":[[[-76.60993,39.35836],[-76.60992,39.36514],[-76.61323,39.36508],[-76.61575,39.36462],[-76.61356,39.36322],[-76.60993,39.35836]]]}},{"type":"Feature","properties":{"name":"Saint Paul","canopy":0.483,"heat":90.199,"income":64205,"pop":122,"asthma":7.5,"poverty":0.232,"sites":84,"tes":99,"rankHeat":205,"rankCanopy":8,"bivHeat":0,"bivIncome":1,"canopyGap":0.0,"labelLng":-76.64306,"labelLat":39.26795},"geometry":{"type":"Polygon","coordinates":[[[-76.63881,39.26902],[-76.63918,39.26945],[-76.63933,39.26946],[-76.63928,39.26936],[-76.63973,39.26974],[-76.64034,39.26989],[-76.64503,39.26978],[-76.64529,39.26947],[-76.64519,39.26976],[-76.64588,39.27015],[-76.6478,39.27087],[-76.64841,39.27021],[-76.6455,39.26751],[-76.64517,39.26574],[-76.64412,39.26486],[-76.63881,39.26902]]]}},{"type":"Feature","properties":{"name":"Sandtown-Winchester","canopy":0.276,"heat":93.714,"income":85444,"pop":4705,"asthma":9.7,"poverty":0.147,"sites":83,"tes":94,"rankHeat":88,"rankCanopy":146,"bivHeat":5,"bivIncome":3,"canopyGap":0.124,"labelLng":-76.6426,"labelLat":39.30438},"geometry":{"type":"Polygon","coordinates":[[[-76.64162,39.30932],[-76.64255,39.30866],[-76.64362,39.30954],[-76.64369,39.31001],[-76.64815,39.3098],[-76.64752,39.29873],[-76.6345,39.29918],[-76.6388,39.30695],[-76.64162,39.30932]]]}},{"type":"Feature","properties":{"name":"Seton Business Park","canopy":0.354,"heat":90.709,"income":58834,"pop":172,"asthma":7.6,"poverty":0.11,"sites":181,"tes":78,"rankHeat":191,"rankCanopy":92,"bivHeat":0,"bivIncome":2,"canopyGap":0.046,"labelLng":-76.7075,"labelLat":39.34423},"geometry":{"type":"Polygon","coordinates":[[[-76.70195,39.34982],[-76.70462,39.35142],[-76.70716,39.35249],[-76.71126,39.34957],[-76.71124,39.33643],[-76.70991,39.33593],[-76.70871,39.33801],[-76.70804,39.34055],[-76.70763,39.34151],[-76.70705,39.34233],[-76.70595,39.34329],[-76.705,39.34379],[-76.70353,39.34429],[-76.69686,39.34565],[-76.70195,39.34982]]]}},{"type":"Feature","properties":{"name":"Seton Hill","canopy":0.123,"heat":95.467,"income":59761,"pop":1408,"asthma":10.0,"poverty":0.176,"sites":14,"tes":57,"rankHeat":57,"rankCanopy":269,"bivHeat":8,"bivIncome":8,"canopyGap":0.277,"labelLng":-76.62319,"labelLat":39.2976},"geometry":{"type":"Polygon","coordinates":[[[-76.62767,39.29464],[-76.62127,39.29489],[-76.62152,39.30065],[-76.62256,39.29982],[-76.62403,39.29835],[-76.62711,39.29582],[-76.62744,39.29537],[-76.62767,39.29464]]]}},{"type":"Feature","properties":{"name":"Sharp-Leadenhall","canopy":0.096,"heat":95.744,"income":55714,"pop":1116,"asthma":9.8,"poverty":0.214,"sites":11,"tes":94,"rankHeat":49,"rankCanopy":277,"bivHeat":8,"bivIncome":8,"canopyGap":0.304,"labelLng":-76.6177,"labelLat":39.27706},"geometry":{"type":"Polygon","coordinates":[[[-76.61654,39.27889],[-76.61898,39.2796],[-76.61932,39.27816],[-76.62062,39.27538],[-76.61777,39.27461],[-76.61539,39.2747],[-76.61568,39.27892],[-76.61654,39.27889]]]}},{"type":"Feature","properties":{"name":"Shipley Hill","canopy":0.49,"heat":89.599,"income":91556,"pop":1404,"asthma":8.6,"poverty":0.181,"sites":90,"tes":80,"rankHeat":225,"rankCanopy":5,"bivHeat":0,"bivIncome":0,"canopyGap":0.0,"labelLng":-76.65486,"labelLat":39.28582},"geometry":{"type":"Polygon","coordinates":[[[-76.65557,39.28778],[-76.65574,39.29027],[-76.65738,39.2902],[-76.65975,39.28895],[-76.66002,39.28951],[-76.66355,39.28758],[-76.66333,39.28741],[-76.6619,39.28734],[-76.66046,39.28695],[-76.65937,39.28613],[-76.65914,39.28563],[-76.65961,39.28468],[-76.65956,39.28431],[-76.65991,39.2832],[-76.65995,39.28255],[-76.65978,39.28219],[-76.65902,39.28138],[-76.65496,39.28402],[-76.65028,39.28566],[-76.65378,39.28785],[-76.65557,39.28778]]]}},{"type":"Feature","properties":{"name":"South Clifton Park","canopy":0.23,"heat":96.124,"income":78494,"pop":1035,"asthma":9.2,"poverty":0.13,"sites":21,"tes":83,"rankHeat":38,"rankCanopy":187,"bivHeat":8,"bivIncome":7,"canopyGap":0.17,"labelLng":-76.58967,"labelLat":39.31329},"geometry":{"type":"Polygon","coordinates":[[[-76.59235,39.31446],[-76.59774,39.31424],[-76.59535,39.31283],[-76.5951,39.31257],[-76.595,39.31214],[-76.58404,39.3126],[-76.58214,39.31424],[-76.59185,39.31427],[-76.59184,39.31416],[-76.59233,39.31414],[-76.59235,39.31446]]]}},{"type":"Feature","properties":{"name":"Ten Hills","canopy":0.244,"heat":89.436,"income":109177,"pop":1280,"asthma":10.9,"poverty":0.189,"sites":312,"tes":60,"rankHeat":230,"rankCanopy":170,"bivHeat":3,"bivIncome":3,"canopyGap":0.156,"labelLng":-76.70187,"labelLat":39.2871},"geometry":{"type":"Polygon","coordinates":[[[-76.70421,39.28582],[-76.70349,39.2856],[-76.70166,39.28461],[-76.69985,39.28389],[-76.69831,39.28267],[-76.69816,39.28236],[-76.69805,39.28132],[-76.6957,39.28138],[-76.69582,39.28446],[-76.6953,39.285],[-76.69386,39.28574],[-76.69454,39.28666],[-76.69531,39.28728],[-76.69553,39.28819],[-76.69571,39.28842],[-76.69612,39.28875],[-76.69686,39.28893],[-76.69711,39.28915],[-76.69725,39.29044],[-76.69718,39.29098],[-76.69795,39.29294],[-76.70241,39.29224],[-76.70957,39.28845],[-76.70815,39.28764],[-76.70872,39.28694],[-76.70572,39.28591],[-76.70421,39.28582]]]}},{"type":"Feature","properties":{"name":"The Orchards","canopy":0.353,"heat":90.85,"income":93055,"pop":566,"asthma":8.3,"poverty":0.27,"sites":339,"tes":96,"rankHeat":184,"rankCanopy":94,"bivHeat":4,"bivIncome":3,"canopyGap":0.047,"labelLng":-76.62858,"labelLat":39.36695},"geometry":{"type":"Polygon","coordinates":[[[-76.62496,39.36216],[-76.62618,39.37201],[-76.63275,39.37201],[-76.63289,39.37176],[-76.63292,39.37106],[-76.63348,39.3709],[-76.63373,39.36986],[-76.63411,39.3693],[-76.63281,39.36878],[-76.63156,39.36872],[-76.63166,39.36549],[-76.63067,39.36548],[-76.62898,39.36522],[-76.62851,39.36538],[-76.62795,39.36584],[-76.62846,39.36467],[-76.62829,39.36409],[-76.62906,39.36348],[-76.62924,39.36306],[-76.62961,39.36269],[-76.62988,39.36186],[-76.62496,39.36216]]]}},{"type":"Feature","properties":{"name":"Towanda-Grantley","canopy":0.497,"heat":88.827,"income":60138,"pop":988,"asthma":10.1,"poverty":0.167,"sites":391,"tes":98,"rankHeat":247,"rankCanopy":2,"bivHeat":0,"bivIncome":2,"canopyGap":0.0,"labelLng":-76.66915,"labelLat":39.33564},"geometry":{"type":"Polygon","coordinates":[[[-76.6631,39.33264],[-76.6682,39.3393],[-76.66857,39.33951],[-76.66942,39.33974],[-76.67312,39.33829],[-76.6724,39.3372],[-76.67389,39.33662],[-76.67321,39.3359],[-76.67246,39.33537],[-76.67139,39.33492],[-76.66966,39.33452],[-76.66737,39.33372],[-76.66669,39.333],[-76.66669,39.33262],[-76.6659,39.33299],[-76.66545,39.33153],[-76.6631,39.33264]]]}},{"type":"Feature","properties":{"name":"Tremont","canopy":0.245,"heat":89.845,"income":91675,"pop":889,"asthma":8.6,"poverty":0.141,"sites":77,"tes":90,"rankHeat":212,"rankCanopy":168,"bivHeat":3,"bivIncome":3,"canopyGap":0.155,"labelLng":-76.69433,"labelLat":39.28375},"geometry":{"type":"Polygon","coordinates":[[[-76.6936,39.28429],[-76.69386,39.28574],[-76.6953,39.285],[-76.69579,39.28454],[-76.6957,39.28138],[-76.69246,39.28147],[-76.69272,39.28351],[-76.69316,39.28443],[-76.6936,39.28429]]]}},{"type":"Feature","properties":{"name":"Tuscany-Canterbury","canopy":0.33,"heat":88.206,"income":102555,"pop":3738,"asthma":9.9,"poverty":0.176,"sites":229,"tes":80,"rankHeat":269,"rankCanopy":107,"bivHeat":3,"bivIncome":3,"canopyGap":0.07,"labelLng":-76.62113,"labelLat":39.33733},"geometry":{"type":"Polygon","coordinates":[[[-76.62383,39.33647],[-76.62231,39.33552],[-76.61796,39.33267],[-76.61843,39.33916],[-76.61878,39.33949],[-76.62137,39.34109],[-76.62198,39.34102],[-76.62285,39.34064],[-76.6233,39.34068],[-76.62414,39.34163],[-76.62465,39.342],[-76.62531,39.34159],[-76.62589,39.34157],[-76.62574,39.34102],[-76.62575,39.33925],[-76.62411,39.33752],[-76.62378,39.33693],[-76.62383,39.33647]]]}},{"type":"Feature","properties":{"name":"Union Square","canopy":0.189,"heat":95.813,"income":72741,"pop":1083,"asthma":9.7,"poverty":0.156,"sites":28,"tes":68,"rankHeat":47,"rankCanopy":231,"bivHeat":8,"bivIncome":7,"canopyGap":0.211,"labelLng":-76.64158,"labelLat":39.28681},"geometry":{"type":"Polygon","coordinates":[[[-76.63797,39.28558],[-76.63812,39.28809],[-76.64236,39.28793],[-76.64238,39.28831],[-76.64516,39.28738],[-76.64503,39.28524],[-76.63797,39.28558]]]}},{"type":"Feature","properties":{"name":"Uplands","canopy":0.232,"heat":92.784,"income":71451,"pop":1270,"asthma":10.9,"poverty":0.294,"sites":156,"tes":60,"rankHeat":126,"rankCanopy":184,"bivHeat":4,"bivIncome":4,"canopyGap":0.168,"labelLng":-76.69304,"labelLat":39.28918},"geometry":{"type":"Polygon","coordinates":[[[-76.68941,39.29344],[-76.69595,39.29321],[-76.69795,39.29294],[-76.69718,39.29098],[-76.69725,39.29044],[-76.69711,39.28915],[-76.69686,39.28893],[-76.69612,39.28875],[-76.69571,39.28842],[-76.69553,39.28819],[-76.69531,39.28728],[-76.69454,39.28666],[-76.69389,39.28581],[-76.69354,39.28619],[-76.69229,39.28497],[-76.69196,39.28492],[-76.69184,39.28528],[-76.69059,39.28655],[-76.6888,39.28662],[-76.68898,39.28973],[-76.68923,39.29111],[-76.68941,39.29344]]]}},{"type":"Feature","properties":{"name":"Upper Fells Point","canopy":0.146,"heat":97.158,"income":58296,"pop":2184,"asthma":10.2,"poverty":0.206,"sites":38,"tes":88,"rankHeat":12,"rankCanopy":252,"bivHeat":8,"bivIncome":8,"canopyGap":0.254,"labelLng":-76.58845,"labelLat":39.28815},"geometry":{"type":"Polygon","coordinates":[[[-76.58456,39.28959],[-76.58903,39.28942],[-76.58909,39.29055],[-76.59368,39.29038],[-76.59361,39.28925],[-76.59248,39.28929],[-76.59241,39.28562],[-76.58431,39.28595],[-76.58456,39.28959]]]}},{"type":"Feature","properties":{"name":"Villages of Homeland","canopy":0.429,"heat":88.19,"income":82976,"pop":487,"asthma":8.1,"poverty":0.062,"sites":141,"tes":72,"rankHeat":271,"rankCanopy":41,"bivHeat":0,"bivIncome":1,"canopyGap":0.0,"labelLng":-76.61425,"labelLat":39.3528},"geometry":{"type":"Polygon","coordinates":[[[-76.61257,39.35244],[-76.61235,39.35283],[-76.61244,39.35412],[-76.61588,39.35379],[-76.61617,39.3527],[-76.61586,39.35145],[-76.61249,39.35172],[-76.61257,39.35244]]]}},{"type":"Feature","properties":{"name":"Violetville","canopy":0.24,"heat":89.699,"income":85312,"pop":2403,"asthma":8.0,"poverty":0.141,"sites":146,"tes":90,"rankHeat":218,"rankCanopy":174,"bivHeat":3,"bivIncome":3,"canopyGap":0.16,"labelLng":-76.6753,"labelLat":39.26574},"geometry":{"type":"Polygon","coordinates":[[[-76.66445,39.25748],[-76.66502,39.26048],[-76.66762,39.26671],[-76.67151,39.27402],[-76.67255,39.27343],[-76.68099,39.27075],[-76.68165,39.27035],[-76.68223,39.26981],[-76.68475,39.26633],[-76.66445,39.25748]]]}},{"type":"Feature","properties":{"name":"Walbrook","canopy":0.338,"heat":91.538,"income":66425,"pop":2244,"asthma":10.5,"poverty":0.07,"sites":289,"tes":55,"rankHeat":161,"rankCanopy":104,"bivHeat":4,"bivIncome":4,"canopyGap":0.062,"labelLng":-76.67011,"labelLat":39.3117},"geometry":{"type":"Polygon","coordinates":[[[-76.67443,39.31416],[-76.6741,39.30883],[-76.66118,39.30934],[-76.66132,39.31146],[-76.66591,39.31129],[-76.66611,39.31444],[-76.67443,39.31416]]]}},{"type":"Feature","properties":{"name":"Waltherson","canopy":0.211,"heat":88.612,"income":90299,"pop":6181,"asthma":11.0,"poverty":0.2,"sites":233,"tes":91,"rankHeat":254,"rankCanopy":212,"bivHeat":6,"bivIncome":6,"canopyGap":0.189,"labelLng":-76.55459,"labelLat":39.34172},"geometry":{"type":"Polygon","coordinates":[[[-76.54825,39.3438],[-76.54909,39.34405],[-76.55136,39.34548],[-76.55211,39.34582],[-76.55468,39.34693],[-76.55592,39.34717],[-76.55761,39.34792],[-76.55996,39.35083],[-76.56158,39.35219],[-76.56681,39.34598],[-76.56778,39.34451],[-76.56344,39.34241],[-76.56104,39.34012],[-76.56036,39.33814],[-76.56395,39.33717],[-76.56398,39.33701],[-76.56346,39.33593],[-76.56421,39.33571],[-76.56159,39.3311],[-76.55944,39.33274],[-76.54556,39.34236],[-76.54653,39.3431],[-76.54685,39.34374],[-76.54726,39.34384],[-76.54825,39.3438]]]}},{"type":"Feature","properties":{"name":"Washington Hill","canopy":0.14,"heat":97.002,"income":61780,"pop":2412,"asthma":10.1,"poverty":0.194,"sites":51,"tes":68,"rankHeat":17,"rankCanopy":261,"bivHeat":8,"bivIncome":8,"canopyGap":0.26,"labelLng":-76.59433,"labelLat":39.2907},"geometry":{"type":"Polygon","coordinates":[[[-76.58909,39.29055],[-76.58931,39.29412],[-76.59465,39.29393],[-76.59969,39.29253],[-76.59933,39.28735],[-76.59843,39.2874],[-76.59855,39.28903],[-76.59361,39.28925],[-76.59368,39.29038],[-76.58909,39.29055]]]}},{"type":"Feature","properties":{"name":"Washington Village/Pigtown","canopy":0.161,"heat":95.091,"income":62005,"pop":4716,"asthma":9.9,"poverty":0.195,"sites":77,"tes":80,"rankHeat":63,"rankCanopy":245,"bivHeat":8,"bivIncome":8,"canopyGap":0.239,"labelLng":-76.63087,"labelLat":39.28077},"geometry":{"type":"Polygon","coordinates":[[[-76.62756,39.28382],[-76.62888,39.28379],[-76.62901,39.286],[-76.63797,39.28558],[-76.63773,39.28246],[-76.63965,39.2817],[-76.63675,39.27959],[-76.63808,39.27852],[-76.63419,39.27554],[-76.63284,39.2766],[-76.63455,39.27792],[-76.63182,39.28007],[-76.6287,39.27777],[-76.62802,39.27749],[-76.62654,39.28056],[-76.62391,39.27981],[-76.62332,39.28126],[-76.6244,39.28158],[-76.625,39.28192],[-76.62555,39.28248],[-76.62612,39.28347],[-76.6275,39.28308],[-76.62756,39.28382]]]}},{"type":"Feature","properties":{"name":"Waverly","canopy":0.332,"heat":91.066,"income":48448,"pop":2383,"asthma":10.7,"poverty":0.126,"sites":116,"tes":80,"rankHeat":176,"rankCanopy":106,"bivHeat":4,"bivIncome":5,"canopyGap":0.068,"labelLng":-76.6066,"labelLat":39.33238},"geometry":{"type":"Polygon","coordinates":[[[-76.60756,39.33629],[-76.60951,39.33637],[-76.60943,39.32831],[-76.60361,39.32831],[-76.60362,39.33211],[-76.60496,39.33502],[-76.60517,39.33533],[-76.6057,39.33571],[-76.60756,39.33629]]]}},{"type":"Feature","properties":{"name":"West Arlington","canopy":0.202,"heat":90.76,"income":101344,"pop":1773,"asthma":9.4,"poverty":0.13,"sites":210,"tes":90,"rankHeat":190,"rankCanopy":225,"bivHeat":6,"bivIncome":6,"canopyGap":0.198,"labelLng":-76.6906,"labelLat":39.33949},"geometry":{"type":"Polygon","coordinates":[[[-76.69338,39.33663],[-76.69167,39.33663],[-76.69167,39.33561],[-76.68935,39.3356],[-76.68935,39.33571],[-76.68473,39.33588],[-76.68469,39.33936],[-76.683,39.34129],[-76.68489,39.34176],[-76.68507,39.34167],[-76.68619,39.3419],[-76.68896,39.34266],[-76.69257,39.34279],[-76.69347,39.34305],[-76.69416,39.34342],[-76.6946,39.34289],[-76.69764,39.34038],[-76.69338,39.33663]]]}},{"type":"Feature","properties":{"name":"West Forest Park","canopy":0.247,"heat":88.395,"income":76930,"pop":2156,"asthma":8.7,"poverty":0.062,"sites":267,"tes":84,"rankHeat":266,"rankCanopy":164,"bivHeat":3,"bivIncome":4,"canopyGap":0.153,"labelLng":-76.69793,"labelLat":39.31835},"geometry":{"type":"Polygon","coordinates":[[[-76.68525,39.32112],[-76.68711,39.32446],[-76.69451,39.32222],[-76.69992,39.32032],[-76.70441,39.31829],[-76.70373,39.31756],[-76.70353,39.31589],[-76.7029,39.31549],[-76.70289,39.31536],[-76.70169,39.31502],[-76.7008,39.31507],[-76.70019,39.31552],[-76.69982,39.31683],[-76.6996,39.31714],[-76.69878,39.31746],[-76.69731,39.31744],[-76.69695,39.3173],[-76.69674,39.31696],[-76.69667,39.31669],[-76.6968,39.31559],[-76.69663,39.31525],[-76.69627,39.31498],[-76.69548,39.31471],[-76.69286,39.31441],[-76.69199,39.31408],[-76.69149,39.31385],[-76.69077,39.31318],[-76.69027,39.3129],[-76.69,39.31239],[-76.68865,39.31229],[-76.68698,39.31246],[-76.68551,39.31277],[-76.68634,39.31328],[-76.68662,39.31432],[-76.68687,39.31451],[-76.68721,39.31452],[-76.68807,39.31391],[-76.68836,39.31388],[-76.68888,39.31423],[-76.68893,39.31477],[-76.69138,39.31554],[-76.69165,39.31578],[-76.69183,39.31618],[-76.69167,39.31755],[-76.69214,39.31793],[-76.68897,39.32004],[-76.68822,39.32029],[-76.68726,39.32031],[-76.68525,39.32112]]]}},{"type":"Feature","properties":{"name":"Westfield","canopy":0.374,"heat":89.876,"income":62174,"pop":3111,"asthma":8.2,"poverty":0.078,"sites":193,"tes":53,"rankHeat":210,"rankCanopy":81,"bivHeat":0,"bivIncome":2,"canopyGap":0.026,"labelLng":-76.55086,"labelLat":39.3594},"geometry":{"type":"Polygon","coordinates":[[[-76.54297,39.36016],[-76.55151,39.36327],[-76.55817,39.36543],[-76.5585,39.36467],[-76.55861,39.36304],[-76.55854,39.36164],[-76.55808,39.35758],[-76.55782,39.3565],[-76.55771,39.35662],[-76.54733,39.35382],[-76.54486,39.3535],[-76.54446,39.35589],[-76.54464,39.35728],[-76.54297,39.36016]]]}},{"type":"Feature","properties":{"name":"Westgate","canopy":0.213,"heat":92.694,"income":76751,"pop":2647,"asthma":10.2,"poverty":0.177,"sites":372,"tes":95,"rankHeat":130,"rankCanopy":209,"bivHeat":7,"bivIncome":7,"canopyGap":0.187,"labelLng":-76.70691,"labelLat":39.28515},"geometry":{"type":"Polygon","coordinates":[[[-76.71118,39.29156],[-76.71116,39.27784],[-76.70709,39.27944],[-76.7055,39.2808],[-76.70239,39.28084],[-76.69805,39.28132],[-76.69816,39.28236],[-76.69831,39.28267],[-76.70006,39.28402],[-76.70166,39.28461],[-76.70372,39.28569],[-76.70572,39.28591],[-76.70872,39.28694],[-76.70815,39.28764],[-76.70957,39.28845],[-76.70241,39.29224],[-76.70402,39.29225],[-76.70778,39.29173],[-76.71118,39.29156]]]}},{"type":"Feature","properties":{"name":"Westport","canopy":0.185,"heat":96.32,"income":69568,"pop":411,"asthma":9.8,"poverty":0.192,"sites":5,"tes":67,"rankHeat":34,"rankCanopy":232,"bivHeat":8,"bivIncome":7,"canopyGap":0.215,"labelLng":-76.63556,"labelLat":39.26158},"geometry":{"type":"Polygon","coordinates":[[[-76.62522,39.26795],[-76.63153,39.26923],[-76.63185,39.26821],[-76.63186,39.26727],[-76.63207,39.26695],[-76.63454,39.2657],[-76.63572,39.26555],[-76.63655,39.26599],[-76.63721,39.26775],[-76.63783,39.26819],[-76.63829,39.26833],[-76.63881,39.26902],[-76.64412,39.26486],[-76.64242,39.26349],[-76.64164,39.26221],[-76.64191,39.26123],[-76.64331,39.25936],[-76.64176,39.25845],[-76.6406,39.25757],[-76.63755,39.25393],[-76.63686,39.25472],[-76.63648,39.25556],[-76.63578,39.26071],[-76.63539,39.26068],[-76.63513,39.2596],[-76.63386,39.25878],[-76.63337,39.2581],[-76.63279,39.25769],[-76.63222,39.25756],[-76.62966,39.25869],[-76.63097,39.25897],[-76.63173,39.25892],[-76.63221,39.2587],[-76.63176,39.25896],[-76.63065,39.25915],[-76.63102,39.2592],[-76.63109,39.2594],[-76.6309,39.25952],[-76.63093,39.25964],[-76.63069,39.25956],[-76.63043,39.25968],[-76.62982,39.26071],[-76.62981,39.26093],[-76.62971,39.26092],[-76.62951,39.26124],[-76.62923,39.26189],[-76.6296,39.26225],[-76.6292,39.26256],[-76.62889,39.26324],[-76.62889,39.26355],[-76.62852,39.26359],[-76.62834,39.26389],[-76.62851,39.26394],[-76.6284,39.26409],[-76.6282,39.26405],[-76.62813,39.26416],[-76.62825,39.2642],[-76.62768,39.26498],[-76.62725,39.26513],[-76.62696,39.26547],[-76.62682,39.26631],[-76.62626,39.267],[-76.62592,39.2672],[-76.62574,39.26713],[-76.62531,39.26742],[-76.62574,39.26765],[-76.62568,39.2679],[-76.62522,39.26795]]]}},{"type":"Feature","properties":{"name":"Winchester","canopy":0.376,"heat":89.32,"income":75869,"pop":1144,"asthma":7.5,"poverty":0.175,"sites":52,"tes":51,"rankHeat":234,"rankCanopy":79,"bivHeat":0,"bivIncome":1,"canopyGap":0.024,"labelLng":-76.66465,"labelLat":39.30179},"geometry":{"type":"Polygon","coordinates":[[[-76.66081,39.30043],[-76.66087,39.30175],[-76.66067,39.30269],[-76.66072,39.30429],[-76.66354,39.30346],[-76.66372,39.3036],[-76.66624,39.30347],[-76.66598,39.30277],[-76.66761,39.30228],[-76.66865,39.30162],[-76.66929,39.30088],[-76.6696,39.30022],[-76.66972,39.29959],[-76.66893,39.29926],[-76.66901,39.29966],[-76.66871,39.30083],[-76.66793,39.30058],[-76.66728,39.30061],[-76.6673,39.30126],[-76.66532,39.30135],[-76.66524,39.30026],[-76.66081,39.30043]]]}},{"type":"Feature","properties":{"name":"Windsor Hills","canopy":0.227,"heat":91.381,"income":97334,"pop":1498,"asthma":9.6,"poverty":0.23,"sites":194,"tes":74,"rankHeat":166,"rankCanopy":192,"bivHeat":7,"bivIncome":6,"canopyGap":0.173,"labelLng":-76.68661,"labelLat":39.31715},"geometry":{"type":"Polygon","coordinates":[[[-76.68149,39.31603],[-76.68193,39.32143],[-76.68477,39.32032],[-76.68525,39.32112],[-76.68726,39.32031],[-76.68822,39.32029],[-76.68897,39.32004],[-76.69209,39.318],[-76.69167,39.31755],[-76.69184,39.31632],[-76.69173,39.31591],[-76.69119,39.31544],[-76.68893,39.31477],[-76.68888,39.31423],[-76.68836,39.31388],[-76.68807,39.31391],[-76.68731,39.31449],[-76.68682,39.31448],[-76.68647,39.31401],[-76.68649,39.31366],[-76.68634,39.31328],[-76.68551,39.31277],[-76.68476,39.31327],[-76.68274,39.31326],[-76.68233,39.31371],[-76.68197,39.3139],[-76.68113,39.31393],[-76.68149,39.31603]]]}},{"type":"Feature","properties":{"name":"Winston-Govans","canopy":0.302,"heat":92.123,"income":61653,"pop":1268,"asthma":9.5,"poverty":0.073,"sites":349,"tes":86,"rankHeat":144,"rankCanopy":129,"bivHeat":4,"bivIncome":5,"canopyGap":0.098,"labelLng":-76.60638,"labelLat":39.34979},"geometry":{"type":"Polygon","coordinates":[[[-76.6098,39.35278],[-76.60965,39.34792],[-76.60573,39.34751],[-76.60396,39.34704],[-76.60358,39.34965],[-76.60312,39.3496],[-76.60274,39.35191],[-76.60607,39.35223],[-76.60802,39.35265],[-76.6098,39.35278]]]}},{"type":"Feature","properties":{"name":"Woodberry","canopy":0.295,"heat":93.51,"income":45836,"pop":1253,"asthma":8.1,"poverty":0.219,"sites":224,"tes":91,"rankHeat":99,"rankCanopy":131,"bivHeat":4,"bivIncome":5,"canopyGap":0.105,"labelLng":-76.65142,"labelLat":39.3374},"geometry":{"type":"Polygon","coordinates":[[[-76.64307,39.33292],[-76.64732,39.33864],[-76.64751,39.33924],[-76.64755,39.3399],[-76.64701,39.34525],[-76.65023,39.34487],[-76.65099,39.34452],[-76.65447,39.34208],[-76.65637,39.34159],[-76.65768,39.34094],[-76.65842,39.34077],[-76.65799,39.34015],[-76.65768,39.33896],[-76.65687,39.33821],[-76.65651,39.33768],[-76.65624,39.3355],[-76.65592,39.33455],[-76.6559,39.33334],[-76.654,39.33025],[-76.65204,39.33097],[-76.64789,39.32961],[-76.64619,39.32991],[-76.64539,39.33071],[-76.64489,39.33091],[-76.64459,39.33031],[-76.64459,39.32971],[-76.64323,39.32959],[-76.64279,39.32967],[-76.64363,39.33181],[-76.64208,39.33194],[-76.64307,39.33292]]]}},{"type":"Feature","properties":{"name":"Woodbourne-McCabe","canopy":0.234,"heat":88.594,"income":77223,"pop":813,"asthma":8.4,"poverty":0.187,"sites":178,"tes":64,"rankHeat":256,"rankCanopy":178,"bivHeat":3,"bivIncome":4,"canopyGap":0.166,"labelLng":-76.60615,"labelLat":39.35366},"geometry":{"type":"Polygon","coordinates":[[[-76.60989,39.35549],[-76.6098,39.35278],[-76.60802,39.35265],[-76.60607,39.35223],[-76.60274,39.35191],[-76.60231,39.35469],[-76.60989,39.35549]]]}},{"type":"Feature","properties":{"name":"Woodmere","canopy":0.203,"heat":92.025,"income":85018,"pop":1836,"asthma":9.1,"poverty":0.246,"sites":340,"tes":92,"rankHeat":147,"rankCanopy":220,"bivHeat":7,"bivIncome":6,"canopyGap":0.197,"labelLng":-76.69028,"labelLat":39.34586},"geometry":{"type":"Polygon","coordinates":[[[-76.69149,39.34904],[-76.69531,39.34612],[-76.69607,39.3458],[-76.69686,39.34565],[-76.69416,39.34342],[-76.69366,39.34313],[-76.69238,39.34276],[-76.68896,39.34266],[-76.68619,39.3419],[-76.68507,39.34167],[-76.68489,39.34176],[-76.683,39.34129],[-76.6823,39.34213],[-76.6835,39.34292],[-76.6823,39.34419],[-76.68382,39.34508],[-76.68478,39.34596],[-76.68485,39.34604],[-76.68453,39.34625],[-76.68646,39.3481],[-76.68861,39.35049],[-76.69149,39.34904]]]}},{"type":"Feature","properties":{"name":"Wyman Park","canopy":0.243,"heat":92.992,"income":83270,"pop":1101,"asthma":10.5,"poverty":0.192,"sites":167,"tes":92,"rankHeat":119,"rankCanopy":172,"bivHeat":4,"bivIncome":4,"canopyGap":0.157,"labelLng":-76.62665,"labelLat":39.33158},"geometry":{"type":"Polygon","coordinates":[[[-76.62594,39.33113],[-76.6257,39.33145],[-76.62452,39.33179],[-76.62422,39.33216],[-76.62379,39.3331],[-76.62314,39.33373],[-76.62397,39.33477],[-76.62383,39.33647],[-76.62448,39.33689],[-76.6251,39.33616],[-76.62579,39.33578],[-76.62591,39.33539],[-76.62829,39.33529],[-76.62779,39.32707],[-76.62619,39.32711],[-76.6254,39.32625],[-76.62505,39.32659],[-76.62516,39.32689],[-76.62496,39.3283],[-76.62518,39.32867],[-76.62558,39.33013],[-76.62598,39.33074],[-76.62594,39.33113]]]}},{"type":"Feature","properties":{"name":"Yale Heights","canopy":0.298,"heat":91.86,"income":85444,"pop":2527,"asthma":9.1,"poverty":0.077,"sites":359,"tes":51,"rankHeat":152,"rankCanopy":130,"bivHeat":4,"bivIncome":3,"canopyGap":0.102,"labelLng":-76.68948,"labelLat":39.27595},"geometry":{"type":"Polygon","coordinates":[[[-76.69393,39.27962],[-76.69454,39.28006],[-76.69472,39.27928],[-76.69571,39.27793],[-76.69576,39.27763],[-76.69514,39.27631],[-76.69382,39.27483],[-76.69269,39.27183],[-76.6909,39.2719],[-76.68946,39.27212],[-76.68947,39.27228],[-76.68928,39.2724],[-76.68931,39.27253],[-76.68877,39.2734],[-76.68859,39.27408],[-76.68815,39.27459],[-76.68663,39.27543],[-76.68545,39.27529],[-76.68493,39.27537],[-76.68344,39.27643],[-76.68626,39.27833],[-76.68749,39.27853],[-76.68791,39.27833],[-76.68813,39.27797],[-76.68848,39.27786],[-76.69032,39.27849],[-76.69108,39.27845],[-76.6925,39.27873],[-76.69312,39.27925],[-76.69393,39.27962]]]}},{"type":"Feature","properties":{"name":"Wilhelm Park","canopy":0.303,"heat":90.987,"income":84199,"pop":634,"asthma":9.1,"poverty":0.086,"sites":202,"tes":86,"rankHeat":179,"rankCanopy":126,"bivHeat":4,"bivIncome":4,"canopyGap":0.097,"labelLng":-76.6618,"labelLat":39.2713},"geometry":{"type":"Polygon","coordinates":[[[-76.66201,39.27619],[-76.66204,39.27628],[-76.66175,39.27639],[-76.66193,39.27697],[-76.66816,39.2749],[-76.66949,39.27458],[-76.67054,39.27448],[-76.67151,39.27402],[-76.66818,39.26787],[-76.66717,39.26564],[-76.65491,39.27101],[-76.6534,39.27133],[-76.65232,39.27138],[-76.64893,39.27086],[-76.6478,39.27087],[-76.64747,39.27116],[-76.64838,39.27124],[-76.64984,39.27189],[-76.65108,39.27196],[-76.65244,39.27234],[-76.65264,39.272],[-76.65249,39.27238],[-76.65356,39.2732],[-76.65399,39.27312],[-76.65361,39.27326],[-76.65424,39.27482],[-76.65509,39.27534],[-76.65546,39.27593],[-76.65579,39.27608],[-76.65622,39.27616],[-76.65721,39.27602],[-76.6576,39.27567],[-76.65759,39.27584],[-76.65769,39.27583],[-76.65819,39.27537],[-76.65847,39.27477],[-76.65913,39.27451],[-76.65964,39.27456],[-76.66022,39.27486],[-76.66103,39.27588],[-76.66151,39.27624],[-76.66201,39.27619]]]}},{"type":"Feature","properties":{"name":"Downtown West","canopy":0.156,"heat":94.888,"income":61405,"pop":1537,"asthma":9.7,"poverty":0.198,"sites":24,"tes":93,"rankHeat":68,"rankCanopy":248,"bivHeat":8,"bivIncome":8,"canopyGap":0.244,"labelLng":-76.61849,"labelLat":39.28591},"geometry":{"type":"Polygon","coordinates":[[[-76.61362,39.28775],[-76.62358,39.2874],[-76.62346,39.28502],[-76.62263,39.28545],[-76.62192,39.28518],[-76.61922,39.28527],[-76.61924,39.28408],[-76.61332,39.28436],[-76.61362,39.28775]]]}},{"type":"Feature","properties":{"name":"Belair-Edison","canopy":0.465,"heat":92.994,"income":93142,"pop":14680,"asthma":8.8,"poverty":0.209,"sites":330,"tes":62,"rankHeat":118,"rankCanopy":22,"bivHeat":1,"bivIncome":0,"canopyGap":0.0,"labelLng":-76.56841,"labelLat":39.3217},"geometry":{"type":"Polygon","coordinates":[[[-76.56353,39.32413],[-76.56085,39.32577],[-76.5603,39.32717],[-76.56121,39.32784],[-76.56078,39.32821],[-76.56322,39.32993],[-76.56943,39.32486],[-76.57515,39.32858],[-76.57895,39.32494],[-76.57636,39.32327],[-76.57709,39.32268],[-76.57459,39.32084],[-76.57898,39.31701],[-76.57294,39.31707],[-76.57313,39.31432],[-76.57272,39.31457],[-76.57223,39.31451],[-76.57096,39.31366],[-76.57015,39.31338],[-76.56355,39.31366],[-76.56265,39.31389],[-76.55999,39.31496],[-76.55747,39.31633],[-76.55567,39.3175],[-76.55829,39.31998],[-76.55896,39.32029],[-76.56008,39.32033],[-76.56063,39.32057],[-76.56113,39.32186],[-76.56173,39.32266],[-76.56353,39.32413]]]}},{"type":"Feature","properties":{"name":"Four By Four","canopy":0.477,"heat":91.796,"income":87900,"pop":1156,"asthma":9.3,"poverty":0.221,"sites":100,"tes":52,"rankHeat":156,"rankCanopy":13,"bivHeat":1,"bivIncome":0,"canopyGap":0.0,"labelLng":-76.57677,"labelLat":39.31568},"geometry":{"type":"Polygon","coordinates":[[[-76.58214,39.31424],[-76.57313,39.31432],[-76.57294,39.31707],[-76.57898,39.31701],[-76.58214,39.31424]]]}},{"type":"Feature","properties":{"name":"Charles Village","canopy":0.283,"heat":95.664,"income":85599,"pop":655,"asthma":10.4,"poverty":0.117,"sites":8,"tes":71,"rankHeat":53,"rankCanopy":141,"bivHeat":5,"bivIncome":3,"canopyGap":0.117,"labelLng":-76.6155,"labelLat":39.32523},"geometry":{"type":"Polygon","coordinates":[[[-76.61972,39.31775],[-76.61285,39.318],[-76.61361,39.32989],[-76.61807,39.33258],[-76.61753,39.32319],[-76.62008,39.32309],[-76.61972,39.31775]]]}},{"type":"Feature","properties":{"name":"Old Goucher","canopy":0.234,"heat":96.007,"income":79912,"pop":961,"asthma":9.4,"poverty":0.18,"sites":23,"tes":99,"rankHeat":43,"rankCanopy":179,"bivHeat":5,"bivIncome":4,"canopyGap":0.166,"labelLng":-76.61744,"labelLat":39.31605},"geometry":{"type":"Polygon","coordinates":[[[-76.61972,39.31775],[-76.61948,39.31413],[-76.61515,39.31429],[-76.61539,39.3179],[-76.61972,39.31775]]]}},{"type":"Feature","properties":{"name":"Canton Industrial Area","canopy":0.427,"heat":89.149,"income":74222,"pop":108,"asthma":8.8,"poverty":0.295,"sites":280,"tes":98,"rankHeat":241,"rankCanopy":43,"bivHeat":0,"bivIncome":1,"canopyGap":0.0,"labelLng":-76.55689,"labelLat":39.27109},"geometry":{"type":"Polygon","coordinates":[[[-76.55726,39.29178],[-76.55988,39.29172],[-76.55979,39.2906],[-76.56266,39.29044],[-76.56241,39.28687],[-76.56153,39.28684],[-76.56092,39.27724],[-76.56935,39.277],[-76.57091,39.27719],[-76.57088,39.27643],[-76.57097,39.27632],[-76.57076,39.27438],[-76.57097,39.27412],[-76.57137,39.27408],[-76.57107,39.27406],[-76.57106,39.27388],[-76.57155,39.27384],[-76.57165,39.27294],[-76.57137,39.27276],[-76.57061,39.27277],[-76.5705,39.27262],[-76.57044,39.27223],[-76.57081,39.27221],[-76.5708,39.27209],[-76.57044,39.27211],[-76.57053,39.27188],[-76.57007,39.27179],[-76.57008,39.27169],[-76.57055,39.27167],[-76.57054,39.27153],[-76.57011,39.27153],[-76.57045,39.27145],[-76.57054,39.271],[-76.56965,39.27101],[-76.56963,39.27081],[-76.57057,39.27077],[-76.57057,39.27063],[-76.56909,39.27068],[-76.56902,39.26962],[-76.56988,39.26959],[-76.56987,39.26939],[-76.56899,39.26926],[-76.56895,39.26862],[-76.57279,39.26847],[-76.57279,39.26789],[-76.56892,39.268],[-76.56887,39.26727],[-76.5696,39.26724],[-76.56967,39.26702],[-76.57273,39.2669],[-76.57272,39.26668],[-76.57087,39.26684],[-76.57087,39.26674],[-76.57146,39.26673],[-76.57178,39.26658],[-76.5718,39.26607],[-76.57151,39.26588],[-76.56884,39.26596],[-76.56886,39.26502],[-76.57202,39.2649],[-76.57201,39.26472],[-76.56879,39.26484],[-76.56877,39.26464],[-76.5699,39.26459],[-76.56988,39.26445],[-76.57139,39.26439],[-76.57175,39.26427],[-76.57097,39.26433],[-76.5713,39.26396],[-76.57126,39.26364],[-76.57193,39.26346],[-76.57166,39.26255],[-76.57145,39.26257],[-76.57142,39.26232],[-76.57181,39.26225],[-76.57136,39.26085],[-76.56973,39.25985],[-76.56973,39.26047],[-76.5697,39.25983],[-76.56938,39.25964],[-76.56896,39.26022],[-76.56887,39.26018],[-76.56885,39.2592],[-76.5687,39.25921],[-76.5687,39.25947],[-76.56832,39.25949],[-76.56837,39.25987],[-76.56701,39.25937],[-76.56636,39.25939],[-76.56612,39.25942],[-76.56585,39.26001],[-76.56498,39.26005],[-76.56477,39.25657],[-76.56446,39.25658],[-76.5646,39.25878],[-76.56367,39.25865],[-76.56352,39.25641],[-76.56336,39.25631],[-76.56294,39.25639],[-76.56307,39.25858],[-76.56269,39.25853],[-76.56271,39.25879],[-76.56281,39.25882],[-76.56283,39.26082],[-76.56238,39.261],[-76.56223,39.25846],[-76.56102,39.25835],[-76.56115,39.26122],[-76.56045,39.26124],[-76.56019,39.25717],[-76.55885,39.25684],[-76.55913,39.26129],[-76.55789,39.26134],[-76.55768,39.26093],[-76.55706,39.26068],[-76.55665,39.2609],[-76.55658,39.26133],[-76.55616,39.2614],[-76.55581,39.25755],[-76.55555,39.25758],[-76.55567,39.25944],[-76.55443,39.25963],[-76.55448,39.26085],[-76.55408,39.26084],[-76.55406,39.26065],[-76.55292,39.26062],[-76.5528,39.25869],[-76.55267,39.25869],[-76.55276,39.25848],[-76.55273,39.25767],[-76.54396,39.25245],[-76.54376,39.25254],[-76.54039,39.25054],[-76.53879,39.2532],[-76.53887,39.25335],[-76.53868,39.25333],[-76.53666,39.2567],[-76.53628,39.25831],[-76.53791,39.25902],[-76.54145,39.26092],[-76.54229,39.26164],[-76.54284,39.26252],[-76.5432,39.26732],[-76.54313,39.26975],[-76.54365,39.27647],[-76.55208,39.27613],[-76.55145,39.27919],[-76.55067,39.2812],[-76.55821,39.28086],[-76.55873,39.28855],[-76.55726,39.29178]]]}},{"type":"Feature","properties":{"name":"Brewers Hill","canopy":0.223,"heat":89.591,"income":45842,"pop":2356,"asthma":7.8,"poverty":0.162,"sites":123,"tes":91,"rankHeat":226,"rankCanopy":199,"bivHeat":6,"bivIncome":8,"canopyGap":0.177,"labelLng":-76.56407,"labelLat":39.28198},"geometry":{"type":"Polygon","coordinates":[[[-76.56153,39.28684],[-76.56715,39.28662],[-76.56655,39.2771],[-76.56092,39.27724],[-76.56153,39.28684]]]}},{"type":"Feature","properties":{"name":"Stadium/Entertainment Area","canopy":0.129,"heat":95.358,"income":59139,"pop":4047,"asthma":10.0,"poverty":0.201,"sites":57,"tes":54,"rankHeat":59,"rankCanopy":267,"bivHeat":8,"bivIncome":8,"canopyGap":0.271,"labelLng":-76.62223,"labelLat":39.27762},"geometry":{"type":"Polygon","coordinates":[[[-76.61896,39.28009],[-76.61922,39.28527],[-76.62192,39.28518],[-76.62263,39.28545],[-76.62346,39.28502],[-76.62334,39.28112],[-76.62543,39.27651],[-76.62599,39.27573],[-76.62664,39.27514],[-76.6301,39.2724],[-76.62987,39.27222],[-76.62977,39.2723],[-76.62645,39.26984],[-76.62622,39.26993],[-76.62571,39.27099],[-76.62723,39.2722],[-76.62703,39.27226],[-76.62566,39.27137],[-76.62504,39.27228],[-76.62482,39.27237],[-76.62477,39.27258],[-76.62491,39.27254],[-76.62478,39.27276],[-76.62428,39.27272],[-76.62416,39.27281],[-76.62461,39.27337],[-76.62551,39.27408],[-76.62541,39.27423],[-76.62459,39.27372],[-76.62431,39.27405],[-76.62367,39.27416],[-76.62339,39.27459],[-76.62321,39.27443],[-76.6235,39.27418],[-76.62344,39.27397],[-76.62265,39.27364],[-76.62245,39.27368],[-76.62202,39.27439],[-76.62238,39.27339],[-76.62228,39.27314],[-76.6218,39.27283],[-76.61952,39.27769],[-76.6191,39.27886],[-76.61896,39.28009]]]}},{"type":"Feature","properties":{"name":"Fells Point","canopy":0.22,"heat":95.561,"income":74100,"pop":3876,"asthma":9.9,"poverty":0.16,"sites":56,"tes":64,"rankHeat":54,"rankCanopy":201,"bivHeat":8,"bivIncome":7,"canopyGap":0.18,"labelLng":-76.59258,"labelLat":39.28409},"geometry":{"type":"Polygon","coordinates":[[[-76.59241,39.28562],[-76.59248,39.28929],[-76.59475,39.2892],[-76.59455,39.28657],[-76.59836,39.2864],[-76.5981,39.28235],[-76.5989,39.28235],[-76.59895,39.28226],[-76.59674,39.28232],[-76.59673,39.28212],[-76.59879,39.28205],[-76.59868,39.28148],[-76.59651,39.28154],[-76.59593,39.28011],[-76.59641,39.27967],[-76.59654,39.27921],[-76.59649,39.27908],[-76.59619,39.279],[-76.59564,39.27932],[-76.59579,39.27943],[-76.5953,39.27969],[-76.59529,39.27991],[-76.59511,39.27989],[-76.59485,39.28014],[-76.59435,39.27978],[-76.59426,39.27986],[-76.59464,39.28031],[-76.59452,39.28039],[-76.59421,39.28007],[-76.59382,39.28028],[-76.59404,39.28058],[-76.59321,39.281],[-76.59309,39.28033],[-76.59295,39.28033],[-76.59302,39.2817],[-76.59236,39.28171],[-76.59229,39.28037],[-76.59175,39.2804],[-76.59182,39.28173],[-76.59116,39.28175],[-76.59113,39.28114],[-76.59058,39.28056],[-76.59096,39.28029],[-76.59081,39.28016],[-76.59047,39.28039],[-76.58937,39.27954],[-76.58869,39.28007],[-76.58773,39.27927],[-76.58713,39.27944],[-76.58783,39.28015],[-76.58728,39.28026],[-76.5874,39.28145],[-76.58851,39.28138],[-76.58861,39.28179],[-76.5881,39.28187],[-76.58871,39.28202],[-76.5877,39.28213],[-76.58773,39.28244],[-76.58826,39.28241],[-76.58829,39.28276],[-76.58799,39.28277],[-76.58802,39.28329],[-76.58687,39.28322],[-76.58669,39.28381],[-76.58693,39.28379],[-76.58706,39.28586],[-76.59241,39.28562]]]}},{"type":"Feature","properties":{"name":"Inner Harbor","canopy":0.17,"heat":95.681,"income":70037,"pop":2291,"asthma":10.0,"poverty":0.176,"sites":41,"tes":80,"rankHeat":52,"rankCanopy":242,"bivHeat":8,"bivIncome":7,"canopyGap":0.23,"labelLng":-76.60515,"labelLat":39.28448},"geometry":{"type":"Polygon","coordinates":[[[-76.60276,39.28517],[-76.60476,39.28829],[-76.60582,39.28801],[-76.60835,39.28786],[-76.60897,39.28772],[-76.61051,39.2879],[-76.61362,39.28775],[-76.61332,39.28436],[-76.61304,39.28439],[-76.61301,39.2842],[-76.61277,39.28088],[-76.6125,39.28069],[-76.61132,39.28068],[-76.60705,39.28084],[-76.60713,39.28228],[-76.60729,39.28239],[-76.60761,39.2823],[-76.60759,39.28199],[-76.6077,39.28196],[-76.61122,39.28184],[-76.61169,39.2822],[-76.61189,39.2855],[-76.61143,39.28589],[-76.61114,39.28591],[-76.6111,39.28522],[-76.61074,39.28523],[-76.61078,39.28592],[-76.60992,39.28595],[-76.60966,39.28581],[-76.6094,39.28597],[-76.60875,39.28599],[-76.60861,39.28455],[-76.60788,39.28434],[-76.60809,39.28655],[-76.60758,39.28658],[-76.60735,39.28419],[-76.60656,39.28393],[-76.60676,39.28661],[-76.60631,39.28663],[-76.60603,39.2837],[-76.60505,39.28326],[-76.60526,39.28434],[-76.60476,39.2844],[-76.60445,39.28301],[-76.60366,39.28283],[-76.60441,39.2851],[-76.60276,39.28517]]]}},{"type":"Feature","properties":{"name":"Reisterstown Station","canopy":0.338,"heat":89.849,"income":54224,"pop":1169,"asthma":9.8,"poverty":0.109,"sites":248,"tes":84,"rankHeat":211,"rankCanopy":105,"bivHeat":3,"bivIncome":5,"canopyGap":0.062,"labelLng":-76.70431,"labelLat":39.35267},"geometry":{"type":"Polygon","coordinates":[[[-76.70698,39.35961],[-76.71128,39.3561],[-76.71126,39.34957],[-76.70716,39.35249],[-76.70462,39.35142],[-76.70255,39.35024],[-76.70146,39.34947],[-76.69686,39.34565],[-76.69607,39.3458],[-76.69531,39.34612],[-76.69185,39.34879],[-76.70246,39.35623],[-76.70252,39.35617],[-76.70698,39.35961]]]}},{"type":"Feature","properties":{"name":"Baltimore Peninsula","canopy":0.166,"heat":95.855,"income":61888,"pop":2932,"asthma":10.0,"poverty":0.199,"sites":41,"tes":96,"rankHeat":46,"rankCanopy":243,"bivHeat":8,"bivIncome":8,"canopyGap":0.234,"labelLng":-76.61161,"labelLat":39.26155},"geometry":{"type":"Polygon","coordinates":[[[-76.61307,39.26668],[-76.6182,39.26715],[-76.62121,39.26717],[-76.6212,39.26678],[-76.62075,39.26657],[-76.62063,39.26634],[-76.62066,39.26549],[-76.62081,39.26523],[-76.62171,39.26515],[-76.62188,39.26496],[-76.62147,39.26458],[-76.62147,39.26413],[-76.62124,39.26334],[-76.621,39.26303],[-76.62006,39.26254],[-76.61905,39.26255],[-76.61827,39.26295],[-76.61846,39.26255],[-76.61817,39.26193],[-76.61857,39.26137],[-76.61674,39.26051],[-76.61633,39.26048],[-76.61626,39.2607],[-76.6159,39.26072],[-76.61613,39.26082],[-76.61612,39.26097],[-76.61569,39.26162],[-76.61547,39.26162],[-76.61526,39.2614],[-76.61525,39.26116],[-76.61567,39.2598],[-76.61549,39.25974],[-76.61491,39.26116],[-76.61472,39.26089],[-76.6135,39.26052],[-76.61336,39.25984],[-76.61319,39.25982],[-76.61298,39.25837],[-76.61269,39.25814],[-76.61132,39.25804],[-76.61118,39.25786],[-76.61102,39.25793],[-76.61085,39.25782],[-76.6104,39.25725],[-76.61054,39.25624],[-76.61021,39.25592],[-76.60906,39.25657],[-76.60778,39.25689],[-76.60783,39.25711],[-76.60733,39.25751],[-76.60703,39.25848],[-76.60689,39.25857],[-76.60671,39.25849],[-76.60642,39.25867],[-76.60654,39.25895],[-76.60633,39.25932],[-76.60585,39.25937],[-76.60556,39.25964],[-76.60503,39.25921],[-76.6049,39.25931],[-76.60761,39.26152],[-76.60782,39.26154],[-76.60822,39.26199],[-76.6079,39.26227],[-76.60663,39.26225],[-76.60649,39.26262],[-76.60651,39.26313],[-76.60636,39.26325],[-76.60623,39.26315],[-76.60473,39.26429],[-76.60168,39.26185],[-76.60168,39.26211],[-76.60451,39.26447],[-76.60275,39.26586],[-76.60441,39.26705],[-76.61307,39.26668]]]}},{"type":"Feature","properties":{"name":"Riverside","canopy":0.184,"heat":94.904,"income":67546,"pop":5171,"asthma":10.2,"poverty":0.181,"sites":87,"tes":61,"rankHeat":67,"rankCanopy":234,"bivHeat":8,"bivIncome":7,"canopyGap":0.216,"labelLng":-76.60493,"labelLat":39.27218},"geometry":{"type":"Polygon","coordinates":[[[-76.60629,39.27762],[-76.61234,39.27704],[-76.6122,39.276],[-76.61137,39.27609],[-76.61118,39.27478],[-76.61203,39.27469],[-76.6115,39.27102],[-76.61192,39.26848],[-76.61195,39.26673],[-76.60913,39.26688],[-76.60917,39.26772],[-76.60874,39.268],[-76.60875,39.26824],[-76.60907,39.26823],[-76.6091,39.26871],[-76.60412,39.26886],[-76.6042,39.26983],[-76.60103,39.26991],[-76.60081,39.27006],[-76.60144,39.26896],[-76.60094,39.26886],[-76.59969,39.27107],[-76.59788,39.27044],[-76.59745,39.27118],[-76.59777,39.27129],[-76.59741,39.27191],[-76.60282,39.27373],[-76.60594,39.27572],[-76.60616,39.27602],[-76.60629,39.27762]]]}},{"type":"Feature","properties":{"name":"Spring Garden Industrial Area","canopy":0.133,"heat":96.111,"income":55937,"pop":2242,"asthma":9.7,"poverty":0.209,"sites":38,"tes":86,"rankHeat":39,"rankCanopy":263,"bivHeat":8,"bivIncome":8,"canopyGap":0.267,"labelLng":-76.61914,"labelLat":39.27116},"geometry":{"type":"Polygon","coordinates":[[[-76.61751,39.27461],[-76.62062,39.27538],[-76.6218,39.27283],[-76.62141,39.2727],[-76.62139,39.27246],[-76.62153,39.2712],[-76.62185,39.27024],[-76.62181,39.26971],[-76.62038,39.26959],[-76.62183,39.26954],[-76.62175,39.26795],[-76.62138,39.2678],[-76.62072,39.26784],[-76.62075,39.26751],[-76.62116,39.26733],[-76.62121,39.26717],[-76.6182,39.26715],[-76.6164,39.26693],[-76.61684,39.27252],[-76.61712,39.27319],[-76.61744,39.27349],[-76.61751,39.27461]]]}},{"type":"Feature","properties":{"name":"Locust Point","canopy":0.272,"heat":94.303,"income":87166,"pop":2418,"asthma":9.8,"poverty":0.129,"sites":38,"tes":90,"rankHeat":74,"rankCanopy":148,"bivHeat":5,"bivIncome":3,"canopyGap":0.128,"labelLng":-76.59419,"labelLat":39.27003},"geometry":{"type":"Polygon","coordinates":[[[-76.59059,39.27167],[-76.59025,39.27228],[-76.59091,39.27251],[-76.59054,39.27315],[-76.59121,39.27339],[-76.59087,39.27397],[-76.59151,39.2742],[-76.59289,39.27181],[-76.59416,39.27228],[-76.59422,39.27218],[-76.59468,39.27234],[-76.5958,39.27015],[-76.59665,39.27045],[-76.59688,39.27009],[-76.59969,39.27107],[-76.60092,39.26896],[-76.60092,39.26868],[-76.60061,39.2681],[-76.60064,39.2673],[-76.59873,39.26726],[-76.59764,39.26767],[-76.59727,39.26754],[-76.59753,39.26726],[-76.5963,39.26725],[-76.59656,39.26681],[-76.59516,39.26666],[-76.59236,39.26593],[-76.59106,39.26805],[-76.58797,39.26697],[-76.58779,39.26761],[-76.58799,39.26869],[-76.58786,39.26874],[-76.58798,39.26892],[-76.58763,39.26906],[-76.58775,39.26956],[-76.58917,39.2717],[-76.58955,39.27154],[-76.58945,39.27127],[-76.59059,39.27167]]]}},{"type":"Feature","properties":{"name":"Locust Point Industrial Area","canopy":0.233,"heat":94.788,"income":79148,"pop":4490,"asthma":9.9,"poverty":0.153,"sites":83,"tes":82,"rankHeat":70,"rankCanopy":181,"bivHeat":5,"bivIncome":4,"canopyGap":0.167,"labelLng":-76.60501,"labelLat":39.26867},"geometry":{"type":"Polygon","coordinates":[[[-76.59433,39.27524],[-76.59442,39.27535],[-76.59417,39.27546],[-76.5943,39.27565],[-76.59303,39.27625],[-76.59613,39.27497],[-76.596,39.27476],[-76.59648,39.27456],[-76.59624,39.27422],[-76.59645,39.27413],[-76.59636,39.274],[-76.59676,39.27389],[-76.59706,39.27328],[-76.59851,39.2739],[-76.59905,39.27307],[-76.59901,39.27315],[-76.59983,39.27344],[-76.59942,39.27415],[-76.59961,39.27411],[-76.60058,39.27445],[-76.6007,39.27426],[-76.60096,39.27429],[-76.60112,39.27444],[-76.60137,39.27442],[-76.60202,39.2747],[-76.6017,39.2751],[-76.60273,39.275],[-76.60325,39.27402],[-76.60282,39.27373],[-76.59741,39.27191],[-76.59777,39.27129],[-76.59745,39.27118],[-76.59788,39.27044],[-76.59688,39.27009],[-76.59665,39.27045],[-76.5958,39.27015],[-76.59468,39.27234],[-76.59422,39.27218],[-76.59416,39.27228],[-76.59289,39.27181],[-76.59151,39.2742],[-76.59087,39.27397],[-76.59121,39.27339],[-76.59054,39.27315],[-76.59091,39.27251],[-76.59025,39.27228],[-76.59059,39.27167],[-76.58945,39.27127],[-76.58955,39.27154],[-76.58917,39.2717],[-76.58775,39.26956],[-76.58763,39.26906],[-76.58798,39.26892],[-76.58786,39.26874],[-76.58799,39.26869],[-76.58779,39.26761],[-76.58797,39.26697],[-76.59106,39.26805],[-76.59236,39.26593],[-76.59516,39.26666],[-76.59656,39.26681],[-76.5963,39.26725],[-76.59753,39.26726],[-76.59727,39.26754],[-76.59764,39.26767],[-76.59873,39.26726],[-76.60064,39.2673],[-76.60061,39.2681],[-76.60094,39.26886],[-76.60144,39.26896],[-76.60081,39.27006],[-76.60103,39.26991],[-76.6042,39.26983],[-76.60412,39.26886],[-76.6091,39.26871],[-76.60907,39.26823],[-76.60875,39.26824],[-76.60874,39.268],[-76.60917,39.26772],[-76.60913,39.26688],[-76.60441,39.26705],[-76.60275,39.26586],[-76.60258,39.26591],[-76.59953,39.26187],[-76.59885,39.2622],[-76.60037,39.26422],[-76.59629,39.26339],[-76.58967,39.26109],[-76.58934,39.26164],[-76.58823,39.26124],[-76.58686,39.26119],[-76.58617,39.26131],[-76.58618,39.26145],[-76.58575,39.26204],[-76.58544,39.2622],[-76.58459,39.26185],[-76.58426,39.26188],[-76.58305,39.26335],[-76.58271,39.26354],[-76.58171,39.26291],[-76.58046,39.26137],[-76.57974,39.26128],[-76.57893,39.2617],[-76.57808,39.26276],[-76.5775,39.264],[-76.57759,39.26452],[-76.57806,39.26563],[-76.57848,39.26589],[-76.57814,39.26622],[-76.57852,39.26591],[-76.57881,39.26609],[-76.57858,39.26641],[-76.57872,39.26647],[-76.57862,39.2664],[-76.57883,39.26611],[-76.57962,39.26659],[-76.57929,39.26693],[-76.57949,39.26705],[-76.57935,39.26693],[-76.57967,39.26662],[-76.58061,39.26734],[-76.5802,39.26805],[-76.58044,39.26814],[-76.57984,39.26923],[-76.57996,39.26925],[-76.58058,39.26819],[-76.58085,39.26815],[-76.58155,39.267],[-76.58175,39.26707],[-76.58167,39.26736],[-76.5811,39.26825],[-76.5812,39.26846],[-76.5806,39.26955],[-76.58071,39.26957],[-76.58204,39.26729],[-76.58218,39.26721],[-76.58273,39.2674],[-76.5825,39.26755],[-76.58058,39.2706],[-76.58128,39.27109],[-76.58316,39.26812],[-76.5839,39.26868],[-76.58204,39.27164],[-76.58304,39.27236],[-76.58492,39.26941],[-76.58529,39.26968],[-76.58516,39.26989],[-76.58555,39.27004],[-76.58417,39.27242],[-76.58465,39.27258],[-76.58603,39.27021],[-76.58669,39.27067],[-76.58524,39.27316],[-76.58535,39.27326],[-76.58655,39.27124],[-76.5879,39.27164],[-76.58726,39.27276],[-76.58731,39.27285],[-76.58868,39.27327],[-76.58892,39.27281],[-76.58926,39.27293],[-76.58944,39.27324],[-76.58931,39.2736],[-76.58844,39.27513],[-76.5886,39.27518],[-76.5889,39.27464],[-76.589,39.27466],[-76.58893,39.2748],[-76.58919,39.27498],[-76.58928,39.27484],[-76.58943,39.27507],[-76.58919,39.27558],[-76.58937,39.27574],[-76.58972,39.27578],[-76.58981,39.27563],[-76.59015,39.27552],[-76.59075,39.27568],[-76.59059,39.27597],[-76.59202,39.2762],[-76.59259,39.27524],[-76.59352,39.27558],[-76.59433,39.27524]]]}},{"type":"Feature","properties":{"name":"Jones Falls Area","canopy":0.178,"heat":96.802,"income":63483,"pop":1871,"asthma":10.1,"poverty":0.166,"sites":37,"tes":66,"rankHeat":19,"rankCanopy":235,"bivHeat":8,"bivIncome":7,"canopyGap":0.222,"labelLng":-76.62854,"labelLat":39.32059},"geometry":{"type":"Polygon","coordinates":[[[-76.63862,39.32754],[-76.6399,39.32787],[-76.64042,39.32832],[-76.64132,39.33094],[-76.64183,39.33196],[-76.64363,39.33181],[-76.64316,39.33044],[-76.64237,39.32876],[-76.64212,39.32835],[-76.64141,39.32768],[-76.63924,39.3265],[-76.63677,39.32606],[-76.63574,39.32572],[-76.63366,39.32451],[-76.63291,39.32393],[-76.6323,39.32317],[-76.63029,39.31998],[-76.62947,39.31761],[-76.62875,39.31614],[-76.62831,39.31553],[-76.62512,39.3122],[-76.62015,39.30924],[-76.61952,39.31052],[-76.61975,39.31086],[-76.62137,39.31229],[-76.62179,39.31301],[-76.62369,39.31461],[-76.62399,39.31551],[-76.62389,39.31621],[-76.6232,39.31694],[-76.62528,39.31944],[-76.62798,39.3222],[-76.62963,39.32295],[-76.63013,39.32195],[-76.62994,39.32283],[-76.63087,39.32354],[-76.63118,39.32395],[-76.63137,39.32447],[-76.63189,39.32495],[-76.63348,39.32547],[-76.63413,39.32609],[-76.63625,39.32702],[-76.63778,39.32751],[-76.63862,39.32754]]]}},{"type":"Feature","properties":{"name":"Gwynns Falls/Leakin Park","canopy":0.272,"heat":92.723,"income":66072,"pop":0,"asthma":10.2,"poverty":0.26,"sites":213,"tes":91,"rankHeat":129,"rankCanopy":149,"bivHeat":4,"bivIncome":4,"canopyGap":0.128,"labelLng":-76.68412,"labelLat":39.30361},"geometry":{"type":"Polygon","coordinates":[[[-76.68886,39.3123],[-76.69,39.31239],[-76.69142,39.31308],[-76.69228,39.31309],[-76.69304,39.31265],[-76.69347,39.31169],[-76.69408,39.31119],[-76.69553,39.3109],[-76.69762,39.30977],[-76.69895,39.30963],[-76.69773,39.30849],[-76.69611,39.30833],[-76.69476,39.3087],[-76.69329,39.30943],[-76.69298,39.30942],[-76.69178,39.30871],[-76.69032,39.30838],[-76.68969,39.30804],[-76.68918,39.308],[-76.68766,39.3058],[-76.68719,39.30548],[-76.68639,39.3053],[-76.68668,39.30493],[-76.68691,39.30485],[-76.68719,39.30488],[-76.68744,39.30518],[-76.68779,39.30518],[-76.68903,39.30455],[-76.68895,39.30469],[-76.68927,39.30493],[-76.68973,39.30506],[-76.69033,39.30504],[-76.69139,39.30453],[-76.69233,39.3046],[-76.69354,39.30491],[-76.69432,39.30486],[-76.69491,39.30404],[-76.69486,39.30377],[-76.69425,39.30281],[-76.69432,39.30234],[-76.69483,39.30198],[-76.69449,39.30138],[-76.69459,39.30081],[-76.69238,39.29894],[-76.69217,39.29967],[-76.69171,39.30005],[-76.69128,39.30016],[-76.69067,39.30004],[-76.68931,39.29916],[-76.68624,39.29923],[-76.68638,39.30051],[-76.68742,39.30178],[-76.68756,39.30216],[-76.68725,39.30255],[-76.68643,39.30289],[-76.68582,39.30296],[-76.67983,39.29967],[-76.67613,39.29748],[-76.67574,39.29774],[-76.6754,39.29775],[-76.67415,39.29737],[-76.67351,39.29697],[-76.67287,39.29648],[-76.67276,39.29405],[-76.67031,39.29418],[-76.67052,39.29493],[-76.67052,39.29636],[-76.66972,39.29959],[-76.67167,39.30021],[-76.67214,39.30085],[-76.67298,39.30152],[-76.67394,39.30257],[-76.67355,39.30321],[-76.6735,39.30367],[-76.67412,39.30572],[-76.67408,39.30629],[-76.6755,39.30588],[-76.67681,39.30677],[-76.67861,39.30662],[-76.6792,39.30688],[-76.67932,39.30586],[-76.68007,39.30631],[-76.68142,39.30677],[-76.68321,39.30674],[-76.6848,39.30702],[-76.68519,39.3073],[-76.68527,39.30764],[-76.685,39.3084],[-76.68443,39.30883],[-76.6841,39.31061],[-76.68432,39.3115],[-76.68404,39.31192],[-76.68551,39.31277],[-76.68698,39.31246],[-76.68886,39.3123]]]}},{"type":"Feature","properties":{"name":"Middle Branch/Reedbird Parks","canopy":0.47,"heat":93.579,"income":79492,"pop":0,"asthma":8.2,"poverty":0.097,"sites":350,"tes":70,"rankHeat":97,"rankCanopy":17,"bivHeat":1,"bivIncome":1,"canopyGap":0.0,"labelLng":-76.61346,"labelLat":39.24986},"geometry":{"type":"MultiPolygon","coordinates":[[[[-76.6117,39.24998],[-76.61386,39.25352],[-76.61407,39.25372],[-76.61459,39.25386],[-76.61506,39.25442],[-76.61533,39.25532],[-76.61547,39.25544],[-76.61538,39.2555],[-76.61621,39.25575],[-76.61683,39.25612],[-76.61735,39.25617],[-76.61905,39.25583],[-76.61973,39.25555],[-76.62241,39.25544],[-76.62355,39.25516],[-76.62415,39.25518],[-76.62449,39.25529],[-76.62484,39.25561],[-76.62565,39.25578],[-76.62557,39.25599],[-76.62664,39.25677],[-76.62705,39.25684],[-76.62727,39.25761],[-76.62749,39.25777],[-76.62794,39.25778],[-76.62832,39.25756],[-76.62869,39.25763],[-76.62895,39.25841],[-76.62942,39.25864],[-76.62966,39.25869],[-76.63222,39.25756],[-76.62772,39.25679],[-76.62686,39.25633],[-76.62589,39.25543],[-76.62451,39.25475],[-76.61791,39.25353],[-76.6175,39.25258],[-76.61489,39.24946],[-76.6161,39.24889],[-76.61746,39.24752],[-76.62198,39.24153],[-76.6153,39.24102],[-76.6152,39.24187],[-76.61497,39.24231],[-76.61472,39.24337],[-76.61397,39.24507],[-76.61373,39.24599],[-76.61312,39.2472],[-76.61273,39.24729],[-76.61161,39.24799],[-76.61197,39.24864],[-76.61179,39.249],[-76.6117,39.24998]]],[[[-76.60959,39.24176],[-76.60946,39.24172],[-76.60876,39.24318],[-76.60878,39.24374],[-76.60901,39.24419],[-76.61103,39.2466],[-76.6114,39.24644],[-76.61129,39.24628],[-76.61133,39.24605],[-76.6115,39.24604],[-76.61155,39.24616],[-76.61176,39.24607],[-76.61187,39.24438],[-76.61283,39.24157],[-76.61311,39.24142],[-76.61372,39.24149],[-76.6141,39.2409],[-76.61014,39.24061],[-76.60959,39.24176]]]]}}]}